mode,density,metric,n,mean,sd,median,minimum,maximum,ci95_low,ci95_high,ci95_half_width
digest,10,rsu_cbr_percent,10,91.573615966518,0.6763868531266095,91.58232274981799,90.221107417429,92.374279775611,91.08975796002612,92.05747397300989,0.4838580064918858
digest,10,mac_queue_delay_mean_ms,10,6.290415469923635,0.04912390142279576,6.2777875714571305,6.229959922727257,6.379590659858413,6.255274347792616,6.325556592054655,0.03514112213101939
digest,10,mac_queue_delay_max_ms,10,36.9368659024,4.456032805256234,35.4114269245,30.842440637,44.207746248,33.74921206192812,40.12451974287188,3.1876538404718815
digest,10,queue_length_enqueue_mean,10,2.0,0.0,2.0,2.0,2.0,2.0,2.0,0.0
digest,10,queue_length_enqueue_max,10,3.0,0.0,3.0,3.0,3.0,3.0,3.0,0.0
digest,10,fragment_pdr,10,0.34455821030096945,0.018041788053254026,0.3454420270985654,0.3198830409356725,0.377600062265289,0.33165189262101513,0.35746452798092376,0.012906317679954316
digest,10,logical_pdr,10,0.12323825968391074,0.011564253210183586,0.122036457168781,0.0978947368421052,0.1408557585663417,0.11496569128761248,0.131510828080209,0.008272568396298266
digest,10,wire_throughput_kbps,10,1447.06484,81.97115482438116,1465.8805000000002,1316.973,1558.2842,1388.4262083059884,1505.7034716940116,58.638631694011565
digest,10,logical_goodput_kbps,10,496.0956,46.075760282387094,496.3035,386.694,557.403,463.13498668414553,529.0562133158545,32.960613315854516
digest,10,goodput_efficiency,10,0.342757851571449,0.025430909652505888,0.34587833889722996,0.29362333168562,0.37542923089692,0.3245656747264129,0.3609500284164851,0.0181921768450361
digest,10,rsu_snir_lost_frames,10,134904.9,1213.87903937016,134975.0,132929.0,136698.0,134036.5432461735,135773.25675382648,868.3567538264906
digest,10,reassembly_timeouts,10,8147.0,514.6189528832637,8286.5,7256.0,8795.0,7778.863778111565,8515.136221888435,368.1362218884351
digest,25,rsu_cbr_percent,10,93.02607827871489,0.4272491623822325,93.018881293341,92.376113029766,93.66643187351,92.72044263983457,93.33171391759521,0.3056356388803181
digest,25,mac_queue_delay_mean_ms,10,6.935187287804178,0.04243467710266956,6.946492080367166,6.864169111862027,7.006915835543,6.904831348486148,6.9655432271222075,0.030355939318029712
digest,25,mac_queue_delay_max_ms,10,47.683549756999994,6.849757139897788,48.8065030665,34.874035352,57.981301991,42.78352868275224,52.58357083124775,4.9000210742477535
digest,25,queue_length_enqueue_mean,10,2.0,0.0,2.0,2.0,2.0,2.0,2.0,0.0
digest,25,queue_length_enqueue_max,10,3.0,0.0,3.0,3.0,3.0,3.0,3.0,0.0
digest,25,fragment_pdr,10,0.2063947787861365,0.012740516153261066,0.2048982767953225,0.1926503829525753,0.2337445730364259,0.19728076257027038,0.2155087950020026,0.009114016215866105
digest,25,logical_pdr,10,0.06744017288465373,0.006490284680448979,0.06506401050013244,0.0578209277238403,0.0790155440414507,0.06279730291677894,0.07208304285252852,0.004642869967874788
digest,25,wire_throughput_kbps,10,1398.8097,54.221218033636156,1395.5227,1296.8394,1475.2868,1360.0221772294972,1437.5972227705029,38.78752277050285
digest,25,logical_goodput_kbps,10,438.48420000000004,38.841413393438714,437.8605,371.448,507.276,410.6987266913422,466.2696733086579,27.785473308657856
digest,25,goodput_efficiency,10,0.312983188310145,0.017001648234767686,0.31040634476764,0.28642559749496,0.34563774714473,0.30082094183251995,0.32514543478777,0.012162246477625038
digest,25,rsu_snir_lost_frames,10,210099.7,5653.3811328561005,210546.0,198804.0,219814.0,206055.51476452715,214143.88523547287,4044.1852354728617
digest,25,reassembly_timeouts,10,8786.8,157.1791617514513,8787.5,8583.0,9148.0,8674.360801166418,8899.23919883358,112.43919883358103
digest,50,rsu_cbr_percent,10,93.45193682036361,0.3974210377641872,93.53637457659599,92.804213180831,94.124080395835,93.16763893642097,93.73623470430626,0.2842978839426422
digest,50,mac_queue_delay_mean_ms,10,7.269995540338229,0.08533228222120212,7.276263171421337,7.147313733493918,7.405041343461302,7.208952502949054,7.331038577727404,0.06104303738917505
digest,50,mac_queue_delay_max_ms,10,45.3429673346,4.199383750015125,45.5778163235,38.586226347,52.602084047,42.33890916820569,48.347025500994306,3.0040581663943087
digest,50,queue_length_enqueue_mean,10,2.0,0.0,2.0,2.0,2.0,2.0,2.0,0.0
digest,50,queue_length_enqueue_max,10,3.0,0.0,3.0,3.0,3.0,3.0,3.0,0.0
digest,50,fragment_pdr,10,0.17503891195475058,0.007822121939916318,0.17633421154348844,0.1631909076287996,0.1871124929544173,0.16944330300568677,0.18063452090381438,0.005595608949063802
digest,50,logical_pdr,10,0.06464727268392365,0.005640561103263495,0.0653291580155029,0.0558338122998604,0.0741286205203731,0.060612258345154595,0.0686822870226927,0.004035014338769058
digest,50,wire_throughput_kbps,10,1547.31538,61.635185928418075,1557.6565,1448.9028,1650.6014,1503.22422409532,1591.40653590468,44.09115590467991
digest,50,logical_goodput_kbps,10,548.5556999999999,48.992704506895706,561.7919999999999,470.547,627.858,513.5084304888119,583.6029695111879,35.047269511188006
digest,50,goodput_efficiency,10,0.354222281076412,0.023752068169148762,0.3617151971913,0.30270857497003,0.38038135675882,0.33723107508052547,0.37121348707229856,0.01699120599588655
digest,50,rsu_snir_lost_frames,10,263691.3,5711.456518845842,262535.5,257538.0,277836.0,259605.57013609246,267777.02986390755,4085.72986390756
digest,50,reassembly_timeouts,10,8860.8,430.20584220424837,8812.0,8277.0,9765.0,8553.049279790264,9168.550720209734,307.75072020973494
digest,100,rsu_cbr_percent,10,93.76799983266821,0.22754429094459275,93.873586687675,93.307708787358,93.987963861467,93.6052244527268,93.93077521260962,0.162775379941408
digest,100,mac_queue_delay_mean_ms,10,7.206939879003118,0.06043030016159936,7.182571807517357,7.136983969516041,7.283563449048068,7.163710646452637,7.250169111553598,0.04322923255048039
digest,100,mac_queue_delay_max_ms,10,43.6188340254,5.190104814632545,42.432198002999996,38.814558361,57.505049966,39.90605670354101,47.331611347258985,3.7127773218589866
digest,100,queue_length_enqueue_mean,10,2.0,0.0,2.0,2.0,2.0,2.0,2.0,0.0
digest,100,queue_length_enqueue_max,10,3.0,0.0,3.0,3.0,3.0,3.0,3.0,0.0
digest,100,fragment_pdr,10,0.16165252155433743,0.0034051629197837116,0.1609465908952672,0.1577974966821931,0.1677965373544701,0.15921661474371493,0.16408842836495993,0.0024359068106225013
digest,100,logical_pdr,10,0.059959260724693195,0.004700361471029669,0.0603555693629467,0.0538623827559035,0.0679984534089444,0.056596824685833685,0.0633216967635527,0.0033624360388595093
digest,100,wire_throughput_kbps,10,1504.42634,37.4583587843651,1502.4404,1457.7848,1568.4458,1477.6302443572774,1531.2224356427225,26.79609564272255
digest,100,logical_goodput_kbps,10,534.7881,37.7464100028069,536.1510000000001,489.489,609.378,507.7859449288919,561.790255071108,27.002155071108064
digest,100,goodput_efficiency,10,0.35556176285047203,0.02452272582932709,0.355259682682885,0.31849723325636,0.38852346698879,0.3380192615752377,0.37310426412570635,0.017542501275234323
digest,100,rsu_snir_lost_frames,10,266752.8,2711.6710633031353,266911.0,263302.0,270357.0,264812.9873781453,268692.6126218547,1939.8126218547113
digest,100,reassembly_timeouts,10,8646.4,477.5633058675165,8511.5,8093.0,9621.0,8304.771791109491,8988.028208890508,341.6282088905082
full,10,rsu_cbr_percent,10,96.0712145380362,0.12880674541015918,96.108392637662,95.729780169753,96.189025069646,95.97907174317145,96.16335733290096,0.09214279486475618
full,10,mac_queue_delay_mean_ms,10,24.18020693995001,0.3762149895982324,24.16829899405196,23.580412390717647,24.798589018220884,23.911078949011234,24.44933493088879,0.2691279909387774
full,10,mac_queue_delay_max_ms,10,298.09724148849995,35.35040884460172,300.5830737695,236.680393838,372.146782863,272.80908239262766,323.38540058437223,25.288159095872288
full,10,queue_length_enqueue_mean,10,5.05712502470292,0.014414816987488538,5.053716006026502,5.036145030292799,5.08059334845049,5.0468132858226165,5.067436763583223,0.010311738880303345
full,10,queue_length_enqueue_max,10,28.0,3.197221015541813,28.5,22.0,33.0,25.712845866617624,30.287154133382376,2.2871541333823764
full,10,fragment_pdr,10,0.04880467041044999,0.003465735901232546,0.0499121632729749,0.0399350175465316,0.0517169654337795,0.04632543229923282,0.05128390852166716,0.002479238111217169
full,10,logical_pdr,10,0.0031710105277602497,0.0009990802402999467,0.00310070504277695,0.0018932874354561,0.0047084184252325,0.0024563115782428517,0.0038857094772776477,0.000714698949517398
full,10,wire_throughput_kbps,10,628.95268,46.2916210121299,642.4156,515.4908,674.5324,595.8376492203961,662.0677107796039,33.1150307796039
full,10,logical_goodput_kbps,10,39.37832,12.808432798295211,37.672399999999996,23.4564,58.9964,30.21571914307836,48.540920856921645,9.162600856921642
full,10,goodput_efficiency,10,0.062361264622993594,0.01833644491284864,0.0612293289194435,0.036493384131125,0.089891520893313,0.04924416212363666,0.07547836712235054,0.013117102499356943
full,10,rsu_snir_lost_frames,10,469399.9,2010.0459060539995,468657.0,466350.0,472219.0,467961.9997797862,470837.80022021383,1437.9002202138072
full,10,reassembly_timeouts,10,2922.4,142.10496902720266,2927.5,2706.0,3131.0,2820.7442290336435,3024.0557709663567,101.65577096635661
full,25,rsu_cbr_percent,10,96.20500160611091,0.127471981482357,96.2614787711435,95.882888840695,96.297406569163,96.11381364383975,96.29618956838208,0.09118796227116377
full,25,mac_queue_delay_mean_ms,10,29.986398656190318,0.9733201703818615,30.009655599005164,28.68705418794281,31.645641639708767,29.29012735058711,30.682669961793525,0.6962713056032079
full,25,mac_queue_delay_max_ms,10,496.75247983829996,65.47084363201012,469.6438931975,401.571650107,598.052327354,449.917459706416,543.5874999701839,46.83502013188394
full,25,queue_length_enqueue_mean,10,5.249710659076969,0.05884017752819451,5.24332895670707,5.181031564408457,5.358812250608903,5.207618931733635,5.291802386420303,0.04209172734333411
full,25,queue_length_enqueue_max,10,45.3,6.634087059355727,45.0,37.0,54.0,40.55426000727926,50.04573999272073,4.745739992720736
full,25,fragment_pdr,10,0.031024581910439268,0.0019311229869434499,0.03094897563855955,0.0291970230178626,0.0358784360159403,0.029643139745450575,0.03240602407542796,0.001381442164988693
full,25,logical_pdr,10,0.00253080693987284,0.000440507538784972,0.00257129638164765,0.0019773313089227,0.0034758030632901,0.00221568682987087,0.0028459270498748103,0.0003151201100019701
full,25,wire_throughput_kbps,10,645.39912,21.528091404735967,639.999,611.5108,694.9824,629.9988511412545,660.7993888587456,15.400268858745562
full,25,logical_goodput_kbps,10,50.60896,8.240376472953162,52.9546,39.8048,64.6828,44.714149782274774,56.50377021772523,5.8948102177252295
full,25,goodput_efficiency,10,0.07817657022620081,0.010618374242472316,0.082164560759703,0.063441111423584,0.093071133887707,0.07058064288166721,0.08577249757073441,0.007595927344533598
full,25,rsu_snir_lost_frames,10,683067.4,15180.502855087949,682013.0,655580.0,711549.0,672207.9224465055,693926.8775534945,10859.477553494507
full,25,reassembly_timeouts,10,2297.4,84.47116536296737,2268.5,2186.0,2483.0,2236.972968502211,2357.827031497789,60.4270314977889
full,50,rsu_cbr_percent,10,96.67802167607171,0.15396940660979036,96.720664026603,96.282036080618,96.833289292509,96.56787859774519,96.78816475439822,0.11014307832651582
full,50,mac_queue_delay_mean_ms,10,33.84738811984553,1.3317233548998941,33.32349414376938,32.95219054388868,37.35801469273434,32.894730621075475,34.80004561861559,0.9526574987700585
full,50,mac_queue_delay_max_ms,10,488.7189530578,61.084485653984046,476.448219444,413.119264312,603.875490368,445.0217443975565,532.4161617180434,43.69720866024346
full,50,queue_length_enqueue_mean,10,5.3647526778633585,0.07655663102067421,5.334609648971384,5.305010295126973,5.561887039179203,5.309987363164871,5.419517992561846,0.054765314698487444
full,50,queue_length_enqueue_max,10,44.7,5.755190893638735,44.0,37.0,55.0,40.582984449056056,48.81701555094395,4.117015550943947
full,50,fragment_pdr,10,0.0395321031382368,0.0016141269101698468,0.03950444752450895,0.0365746163584519,0.0424458268629329,0.038377426305933715,0.04068677997053989,0.0011546768323030879
full,50,logical_pdr,10,0.0016582600122783402,0.00021425497244169633,0.0016876674041908,0.0013497135301895,0.0019806399419756,0.0015049912381036182,0.0018115287864530621,0.00015326877417472197
full,50,wire_throughput_kbps,10,1073.58048,34.061428585059524,1079.2608,1016.1272,1125.6236,1049.214401834451,1097.946558165549,24.36607816554897
full,50,logical_goodput_kbps,10,43.28772,5.57120910730636,44.0696,34.8292,50.4668,39.302317090481736,47.273122909518264,3.985402909518264
full,50,goodput_efficiency,10,0.0402989037220271,0.004828701169126543,0.040537658297670004,0.032921321865887,0.046767300735684,0.0368446589938238,0.0437531484502304,0.0034542447282032984
full,50,rsu_snir_lost_frames,10,840945.0,15665.85746137121,836875.0,826497.0,880608.0,829738.3206770561,852151.6793229439,11206.679322943906
full,50,reassembly_timeouts,10,3980.5,85.93828534994685,3945.5,3888.0,4144.0,3919.023454087638,4041.976545912362,61.47654591236187
full,100,rsu_cbr_percent,10,96.719782447378,0.12180135524457585,96.71956858073901,96.446419574976,96.907197931568,96.6326510067472,96.8069138880088,0.0871314406307988
full,100,mac_queue_delay_mean_ms,10,32.39085374668672,0.38095775725591347,32.334378821122954,31.85813309490464,33.139817431159884,32.11833298415061,32.663374509222834,0.2725207625361108
full,100,mac_queue_delay_max_ms,10,485.96363966139995,69.32682067877928,477.541577519,356.567005522,630.877840658,436.3702197198453,535.5570596029546,49.59341994155466
full,100,queue_length_enqueue_mean,10,5.26675854836395,0.022012447271962773,5.263957837506187,5.227343237587581,5.313564237477732,5.251011792190637,5.282505304537263,0.015746756173313337
full,100,queue_length_enqueue_max,10,44.4,6.4152595859836845,44.0,35.0,58.0,39.81079975157206,48.989200248427935,4.589200248427936
full,100,fragment_pdr,10,0.03781943429331418,0.0015924539120921238,0.0377187035032105,0.0354742163222637,0.0408256496106817,0.036680261389859074,0.03895860719676928,0.0011391729034551032
full,100,logical_pdr,10,0.00147815262976009,0.00032975576068582503,0.00150442398684035,0.0009021781157365,0.0019826643959228,0.0012422595690698753,0.0017140456904503045,0.0002358930606902146
full,100,wire_throughput_kbps,10,1080.44972,43.8821120249546,1072.7072,1017.948,1161.0944,1049.0583481143703,1111.8410918856298,31.391371885629724
full,100,logical_goodput_kbps,10,40.58668,9.093117342596114,40.870999999999995,24.878,55.4424,34.081855712172256,47.091504287827746,6.504824287827745
full,100,goodput_efficiency,10,0.0374212985767592,0.007593683531090066,0.0367512061308855,0.024439362324991,0.049035326548402,0.03198910462103822,0.042853492532480185,0.005432193955720983
full,100,rsu_snir_lost_frames,10,847173.9,7571.486298387304,847375.0,836556.0,856924.0,841757.5849879864,852590.2150120137,5416.315012013656
full,100,reassembly_timeouts,10,3976.3,158.0696400676332,3939.5,3827.0,4289.0,3863.2237913533213,4089.376208646679,113.07620864667888
small,10,rsu_cbr_percent,10,22.336575923294603,0.15982889836105227,22.370133333347,22.030909931141,22.53482666668,22.22224121707834,22.450910629510865,0.11433470621626185
small,10,mac_queue_delay_mean_ms,10,0.10174807817313074,0.0195614900765717,0.09992091576088574,0.0776916808927551,0.1388850622640779,0.08775463115577854,0.11574152519048293,0.013993447017352195
small,10,mac_queue_delay_max_ms,10,1.8956730772000001,0.3727057354274242,1.893968198,1.167023693,2.271214704,1.6290554554671168,2.1622906989328836,0.2666176217328835
small,10,queue_length_enqueue_mean,10,1.0,0.0,1.0,1.0,1.0,1.0,1.0,0.0
small,10,queue_length_enqueue_max,10,1.0,0.0,1.0,1.0,1.0,1.0,1.0,0.0
small,10,fragment_pdr,10,0.9866300703995627,0.0076493006752995875,0.9887559431168358,0.9715692596283488,0.9963489075246734,0.9811580903356412,0.9921020504634843,0.005471980063921578
small,10,logical_pdr,10,0.9866300703995627,0.0076493006752995875,0.9887559431168358,0.9715692596283488,0.9963489075246734,0.9811580903356412,0.9921020504634843,0.005471980063921578
small,10,wire_throughput_kbps,10,398.91704,6.953226170347111,400.0956,384.5168,406.6264,393.94300164026623,403.89107835973374,4.974038359733754
small,10,logical_goodput_kbps,10,343.89400000000006,5.994160491678546,344.90999999999997,331.48,350.54,339.6060358967813,348.18196410321883,4.287964103218769
small,10,goodput_efficiency,10,0.86206896551724,0.0,0.86206896551724,0.86206896551724,0.86206896551724,0.86206896551724,0.86206896551724,0.0
small,10,rsu_snir_lost_frames,10,15957.0,693.7260105962423,15837.0,15048.0,17566.0,15460.7383074685,16453.2616925315,496.26169253150147
small,10,reassembly_timeouts,10,0.0,0.0,0.0,0.0,0.0,0.0,0.0,0.0
small,25,rsu_cbr_percent,10,31.663859164646198,0.7448203714785958,31.490986926250997,30.716586666689,32.978773461562,31.131046768201347,32.196671561091044,0.5328123964448466
small,25,mac_queue_delay_mean_ms,10,0.1653354775747911,0.023463397258082316,0.16328270614059875,0.1377404567037074,0.2065929481247881,0.14855077430868877,0.18212018084089346,0.016784703266102347
small,25,mac_queue_delay_max_ms,10,2.2576458211999997,0.037511987722179334,2.2636674995,2.159085516,2.285564857,2.2308113617262517,2.2844802806737476,0.026834459473747962
small,25,queue_length_enqueue_mean,10,1.0,0.0,1.0,1.0,1.0,1.0,1.0,0.0
small,25,queue_length_enqueue_max,10,1.0,0.0,1.0,1.0,1.0,1.0,1.0,0.0
small,25,fragment_pdr,10,0.9576262799564172,0.024021269218394026,0.9662157318154116,0.9181581044851822,0.982051282051282,0.9404424991308585,0.974810060781976,0.017183780825558714
small,25,logical_pdr,10,0.9576262799564172,0.024021269218394026,0.9662157318154116,0.9181581044851822,0.982051282051282,0.9404424991308585,0.974810060781976,0.017183780825558714
small,25,wire_throughput_kbps,10,626.27936,33.924857582578326,621.2264,586.4728,684.1912,602.0109788442313,650.5477411557687,24.26838115576868
small,25,logical_goodput_kbps,10,539.896,29.24556688153306,535.54,505.58,589.82,518.9749817622683,560.8170182377316,20.921018237731687
small,25,goodput_efficiency,10,0.86206896551724,0.0,0.86206896551724,0.86206896551724,0.86206896551724,0.86206896551724,0.86206896551724,0.0
small,25,rsu_snir_lost_frames,10,23707.4,825.5446956067517,23697.5,22564.0,24890.0,23116.84090081026,24297.959099189742,590.5590991897407
small,25,reassembly_timeouts,10,0.0,0.0,0.0,0.0,0.0,0.0,0.0,0.0
small,50,rsu_cbr_percent,10,38.6126508570479,0.6425016119031625,38.589125996475005,37.804081015617,39.883520115655,38.15303289187569,39.07226882222012,0.45961796517221387
small,50,mac_queue_delay_mean_ms,10,0.20441504649265552,0.014434378398266029,0.20564906849314374,0.1802041708392967,0.2258070670336025,0.19408931422206213,0.2147407787632489,0.010325732270593385
small,50,mac_queue_delay_max_ms,10,2.278291895,0.009913371489116191,2.2806594465,2.25368659,2.287745843,2.271200296243808,2.2853834937561923,0.007091598756192141
small,50,queue_length_enqueue_mean,10,1.0,0.0,1.0,1.0,1.0,1.0,1.0,0.0
small,50,queue_length_enqueue_max,10,1.0,0.0,1.0,1.0,1.0,1.0,1.0,0.0
small,50,fragment_pdr,10,0.9565859519743898,0.01431078093422075,0.9594028598508375,0.931115665854199,0.977671152093497,0.9463486360032617,0.9668232679455179,0.010237315971128091
small,50,logical_pdr,10,0.9565859519743898,0.01431078093422075,0.9594028598508375,0.931115665854199,0.977671152093497,0.9463486360032617,0.9668232679455179,0.010237315971128091
small,50,wire_throughput_kbps,10,815.17144,20.135221206146316,813.9256,779.9144,846.1736,800.7675704569363,829.5753095430637,14.403869543063706
small,50,logical_goodput_kbps,10,702.734,17.357949315643385,701.6600000000001,672.34,729.46,690.3168710835657,715.1511289164343,12.417128916434308
small,50,goodput_efficiency,10,0.86206896551724,0.0,0.86206896551724,0.86206896551724,0.86206896551724,0.86206896551724,0.86206896551724,0.0
small,50,rsu_snir_lost_frames,10,29179.8,1075.8792579921678,29399.5,27021.0,30553.0,28410.162342804706,29949.437657195293,769.6376571952933
small,50,reassembly_timeouts,10,0.0,0.0,0.0,0.0,0.0,0.0,0.0,0.0
small,100,rsu_cbr_percent,10,38.6957888993455,0.34815859568464574,38.751360187112496,38.200746939332,39.266986689789,38.44673124354944,38.94484655514156,0.249057655796058
small,100,mac_queue_delay_mean_ms,10,0.21103081405069254,0.015356079240980642,0.21079816889585776,0.194672897812112,0.2409336761733205,0.20004573671702428,0.22201589138436081,0.01098507733366827
small,100,mac_queue_delay_max_ms,10,2.2776106041999995,0.016201562281031597,2.2828563555,2.232407376,2.28639867,2.26602070473475,2.289200503665249,0.011589899465249687
small,100,queue_length_enqueue_mean,10,1.0,0.0,1.0,1.0,1.0,1.0,1.0,0.0
small,100,queue_length_enqueue_max,10,1.0,0.0,1.0,1.0,1.0,1.0,1.0,0.0
small,100,fragment_pdr,10,0.9441571522048824,0.021181039237813292,0.9513756454088131,0.9018164092565036,0.971064143783271,0.9290051495104771,0.9593091548992877,0.015152002694405309
small,100,logical_pdr,10,0.9441571522048824,0.021181039237813292,0.9513756454088131,0.9018164092565036,0.971064143783271,0.9290051495104771,0.9593091548992877,0.015152002694405309
small,100,wire_throughput_kbps,10,846.3383200000001,23.71707164670864,850.6279999999999,814.8536,880.9272,829.372149008126,863.3044909918741,16.966170991874037
small,100,logical_goodput_kbps,10,729.6020000000001,20.445751419576403,733.3,702.46,759.42,714.9759905242466,744.2280094757535,14.626009475753449
small,100,goodput_efficiency,10,0.86206896551724,0.0,0.86206896551724,0.86206896551724,0.86206896551724,0.86206896551724,0.86206896551724,0.0
small,100,rsu_snir_lost_frames,10,27593.6,1281.9824231764385,27378.5,25328.0,29576.0,26676.525020247725,28510.67497975227,917.0749797522731
small,100,reassembly_timeouts,10,0.0,0.0,0.0,0.0,0.0,0.0,0.0,0.0
