run_tag,source_run_tag,mode,density,seed,payload_bytes,fragment_count,generated_logical,generated_fragments,received_fragments,completed_logical,logical_pdr,fragment_pdr,deadline_miss_ratio,reassembly_timeouts,incomplete_at_end,rsu_cbr,rsu_cbr_percent,mac_queue_delay_samples,mac_queue_delay_mean_ms,mac_queue_delay_max_ms,queue_enqueue_samples,queue_length_enqueue_mean,queue_length_enqueue_max,untransmitted_at_end,tx_mac_queue_drops,tx_retries_exceeded,rsu_snir_lost_frames,rsu_rxtx_lost_frames,wire_throughput_kbps,logical_goodput_kbps,goodput_efficiency
q001_b001_small_6M_t10_10Hz_s1,b001_small_6M_t10_10Hz_s1,small,10,1,300,1,17628,17628,17442,17442,0.9894486044928523,0.9894486044928523,0.0,0,0,0.2241266788611,22.41266788611,52991,0.07769168089275516,1.64666641,52991,1.0,1.0,0,0,0,15682,0,404.6544,348.84,0.86206896551724
q002_b002_small_6M_t10_10Hz_s2,b002_small_6M_t10_10Hz_s2,small,10,2,300,1,17509,17509,17300,17300,0.988063281740819,0.988063281740819,0.0,0,0,0.22327893333347,22.327893333347,53221,0.12176014628533809,2.217913864,53221,1.0,1.0,0,0,0,15785,0,401.36,346.0,0.86206896551724
q003_b003_small_6M_t10_10Hz_s3,b003_small_6M_t10_10Hz_s3,small,10,3,300,1,17100,17100,16976,16976,0.9927485380116959,0.9927485380116959,0.0,0,0,0.22198128063097,22.198128063097002,52919,0.08591066322353044,1.167023693,52920,1.0,1.0,1,0,0,16585,0,393.8432,339.52,0.86206896551724
q004_b004_small_6M_t10_10Hz_s4,b004_small_6M_t10_10Hz_s4,small,10,4,300,1,17059,17059,16574,16574,0.9715692596283487,0.9715692596283487,0.0,0,0,0.22030909931141,22.030909931141,52920,0.13888506226407793,2.268404918,52920,1.0,1.0,0,0,0,17566,0,384.5168,331.48,0.86206896551724
q005_b005_small_6M_t10_10Hz_s5,b005_small_6M_t10_10Hz_s5,small,10,5,300,1,17850,17850,17430,17430,0.9764705882352941,0.9764705882352941,0.0,0,0,0.22412373333347,22.412373333347,53313,0.11625747553765482,2.271214704,53313,1.0,1.0,0,0,0,15994,0,404.376,348.6,0.86206896551724
q006_b006_small_6M_t10_10Hz_s6,b006_small_6M_t10_10Hz_s6,small,10,6,300,1,17430,17430,17191,17191,0.9862880091795755,0.9862880091795755,0.0,0,0,0.22449493333347,22.449493333347,53061,0.0831398401584024,1.701212601,53061,1.0,1.0,0,0,0,15776,0,398.8312,343.82,0.86206896551724
q007_b007_small_6M_t10_10Hz_s7,b007_small_6M_t10_10Hz_s7,small,10,7,300,1,17680,17680,17527,17527,0.9913461538461539,0.9913461538461539,0.0,0,0,0.22521173333347,22.521173333347,53301,0.10590530210885325,2.072005438,53301,1.0,1.0,0,0,0,15048,0,406.6264,350.54,0.86206896551724
q008_b008_small_6M_t10_10Hz_s8,b008_small_6M_t10_10Hz_s8,small,10,8,300,1,17529,17529,17465,17465,0.9963489075246734,0.9963489075246734,0.0,0,0,0.2253482666668,22.53482666668,53291,0.08808877973892418,1.659454997,53291,1.0,1.0,0,0,0,15900,0,405.188,349.3,0.86206896551724
q009_b009_small_6M_t10_10Hz_s9,b009_small_6M_t10_10Hz_s9,small,10,9,300,1,17360,17360,17065,17065,0.9830069124423964,0.9830069124423964,0.0,0,0,0.22222080019183,22.222080019183,52751,0.10572477235904532,2.236903189,52751,1.0,1.0,0,0,0,15889,0,395.908,341.3,0.86206896551724
q010_b010_small_6M_t10_10Hz_s10,b010_small_6M_t10_10Hz_s10,small,10,10,300,1,17131,17131,16977,16977,0.9910104488938182,0.9910104488938182,0.0,0,0,0.22256213333347,22.256213333347,52831,0.09411705916272621,1.715930958,52831,1.0,1.0,0,0,0,15345,0,393.8664,339.54,0.86206896551724
q011_b021_small_6M_t25_10Hz_s1,b021_small_6M_t25_10Hz_s1,small,25,1,300,1,27841,27841,26375,26375,0.9473438454078518,0.9473438454078518,0.0,0,0,0.31104426695438,31.104426695437997,76137,0.20659294812478818,2.261907226,76137,1.0,1.0,0,0,0,24367,0,611.9,527.5,0.86206896551724
q012_b022_small_6M_t25_10Hz_s2,b022_small_6M_t25_10Hz_s2,small,25,2,300,1,30030,30030,29491,29491,0.982051282051282,0.982051282051282,0.0,0,0,0.32978773461562,32.978773461562,79998,0.15998890367090401,2.285564857,79998,1.0,1.0,0,0,0,23926,0,684.1912,589.82,0.86206896551724
q013_b023_small_6M_t25_10Hz_s3,b023_small_6M_t25_10Hz_s3,small,25,3,300,1,27862,27862,27221,27221,0.9769937549350369,0.9769937549350369,0.0,0,0,0.31213226666689,31.213226666688996,75957,0.1687204467923824,2.261072048,75957,1.0,1.0,0,0,0,23242,0,631.5272,544.42,0.86206896551724
q014_b024_small_6M_t25_10Hz_s4,b024_small_6M_t25_10Hz_s4,small,25,4,300,1,26181,26181,25279,25279,0.9655475344715634,0.9655475344715634,0.0,0,0,0.30716586666689,30.716586666689,73849,0.1396384248058204,2.159085516,73849,1.0,1.0,0,0,0,22652,0,586.4728,505.58,0.86206896551724
q015_b025_small_6M_t25_10Hz_s5,b025_small_6M_t25_10Hz_s5,small,25,5,300,1,30378,30378,29372,29372,0.96688392915926,0.96688392915926,0.0,0,0,0.32722255755761,32.722255755761,78826,0.16657650861029352,2.238622582,78827,1.0,1.0,1,0,0,23068,0,681.4304,587.44,0.86206896551724
q016_b026_small_6M_t25_10Hz_s6,b026_small_6M_t25_10Hz_s6,small,25,6,300,1,27792,27792,27025,27025,0.972402130109384,0.972402130109384,0.0,0,0,0.31688960519146,31.688960519145997,75908,0.13774045670370744,2.274168345,75908,1.0,1.0,0,0,0,22564,0,626.98,540.5,0.86206896551724
q017_b027_small_6M_t25_10Hz_s7,b027_small_6M_t25_10Hz_s7,small,25,7,300,1,28022,28022,26529,26529,0.9467204339447577,0.9467204339447577,0.0,0,0,0.31064980505248,31.064980505248002,76803,0.19653815419945833,2.265266782,76804,1.0,1.0,1,0,0,24890,0,615.4728,530.58,0.86206896551724
q018_b028_small_6M_t25_10Hz_s8,b028_small_6M_t25_10Hz_s8,small,25,8,300,1,27810,27810,27292,27292,0.9813736066163251,0.9813736066163251,0.0,0,0,0.32144640000023,32.144640000023,77188,0.1421536337378608,2.262068217,77188,1.0,1.0,0,0,0,23469,0,633.1744,545.84,0.86206896551724
q019_b029_small_6M_t25_10Hz_s9,b029_small_6M_t25_10Hz_s9,small,25,9,300,1,28321,28321,26021,26021,0.9187881783835317,0.9187881783835317,0.0,0,0,0.3171172804255,31.711728042550003,77055,0.156148849781507,2.285340449,77055,1.0,1.0,0,0,0,24287,0,603.6872,520.42,0.86206896551724
q020_b030_small_6M_t25_10Hz_s10,b030_small_6M_t25_10Hz_s10,small,25,10,300,1,27602,27602,25343,25343,0.9181581044851822,0.9181581044851822,0.0,0,0,0.31293013333356,31.293013333356,76609,0.17925644932118942,2.28336219,76609,1.0,1.0,0,0,0,24609,0,587.9576,506.86,0.86206896551724
q021_b041_small_6M_t50_10Hz_s1,b041_small_6M_t50_10Hz_s1,small,50,1,300,1,36537,36537,34180,34180,0.9354900511809946,0.9354900511809946,0.0,0,0,0.37804081015617,37.804081015617,93611,0.21890648399181725,2.286299034,93612,1.0,1.0,1,0,0,29454,0,792.976,683.6,0.86206896551724
q022_b042_small_6M_t50_10Hz_s2,b042_small_6M_t50_10Hz_s2,small,50,2,300,1,37564,37564,36061,36061,0.959988286657438,0.959988286657438,0.0,0,0,0.38696628693488,38.696628693488,96094,0.22580706703360257,2.287745843,96096,1.0,1.0,2,0,0,29733,0,836.6152,721.22,0.86206896551724
q023_b043_small_6M_t50_10Hz_s3,b043_small_6M_t50_10Hz_s3,small,50,3,300,1,36104,36104,33617,33617,0.931115665854199,0.931115665854199,0.0,0,0,0.37818424804011,37.818424804011,93928,0.2150884585021082,2.273370164,93930,1.0,1.0,2,0,0,30553,0,779.9144,672.34,0.86206896551724
q024_b044_small_6M_t50_10Hz_s4,b044_small_6M_t50_10Hz_s4,small,50,4,300,1,36304,36304,34898,34898,0.9612714852357866,0.9612714852357866,0.0,0,0,0.38210561473832,38.210561473832,93321,0.1802041708392967,2.278165681,93321,1.0,1.0,0,0,0,28440,0,809.6336,697.96,0.86206896551724
q025_b045_small_6M_t50_10Hz_s5,b045_small_6M_t50_10Hz_s5,small,50,5,300,1,36666,36666,35156,35156,0.9588174330442372,0.9588174330442372,0.0,0,0,0.38494824717549,38.494824717549,94292,0.19641629691295143,2.283576736,94292,1.0,1.0,0,0,0,29345,0,815.6192,703.12,0.86206896551724
q026_b046_small_6M_t50_10Hz_s6,b046_small_6M_t50_10Hz_s6,small,50,6,300,1,35847,35847,34752,34752,0.969453510754038,0.969453510754038,0.0,0,0,0.38893653503618,38.893653503618,94704,0.2052027225337577,2.276839014,94705,1.0,1.0,1,0,0,27021,0,806.2464,695.04,0.86206896551724
q027_b047_small_6M_t50_10Hz_s7,b047_small_6M_t50_10Hz_s7,small,50,7,300,1,37625,37625,35960,35960,0.9557475083056478,0.9557475083056478,0.0,0,0,0.39883520115655,39.883520115655,99415,0.21255717687969586,2.284598129,99415,1.0,1.0,0,0,0,30166,0,834.272,719.2,0.86206896551724
q028_b048_small_6M_t50_10Hz_s8,b048_small_6M_t50_10Hz_s8,small,50,8,300,1,36537,36537,35260,35260,0.9650491282809207,0.9650491282809207,0.0,0,0,0.38683427275401,38.683427275401,94418,0.2060954144525298,2.275484547,94418,1.0,1.0,0,0,0,29232,0,818.032,705.2,0.86206896551724
q029_b049_small_6M_t50_10Hz_s9,b049_small_6M_t50_10Hz_s9,small,50,9,300,1,37306,37306,36473,36473,0.977671152093497,0.977671152093497,0.0,0,0,0.39301546685576,39.301546685576,95110,0.1863551967077385,2.25368659,95111,1.0,1.0,1,0,0,27975,0,846.1736,729.46,0.86206896551724
q030_b050_small_6M_t50_10Hz_s10,b050_small_6M_t50_10Hz_s10,small,50,10,300,1,36804,36804,35010,35010,0.9512552983371373,0.9512552983371373,0.0,0,0,0.38339840285732,38.339840285732,94912,0.19751747707305747,2.283153212,94913,1.0,1.0,1,0,0,29879,0,812.232,700.2,0.86206896551724
q031_b061_small_6M_t100_10Hz_s1,b061_small_6M_t100_10Hz_s1,small,100,1,300,1,39341,39341,37703,37703,0.9583640476856206,0.9583640476856206,0.0,0,0,0.39266986689789,39.266986689789,96467,0.1976305024760701,2.28463042,96467,1.0,1.0,0,0,0,27004,0,874.7096,754.06,0.86206896551724
q032_b062_small_6M_t100_10Hz_s2,b062_small_6M_t100_10Hz_s2,small,100,2,300,1,38018,38018,35480,35480,0.9332421484559945,0.9332421484559945,0.0,0,0,0.39039324263819,39.039324263819,96548,0.19936907593026262,2.282692043,96548,1.0,1.0,0,0,0,29088,0,823.136,709.6,0.86206896551724
q033_b063_small_6M_t100_10Hz_s3,b063_small_6M_t100_10Hz_s3,small,100,3,300,1,38795,38795,37235,37235,0.9597886325557418,0.9597886325557418,0.0,0,0,0.38768213379837,38.768213379837,94905,0.19495781087214573,2.278428082,94905,1.0,1.0,0,0,0,25328,0,863.852,744.7,0.86206896551724
q034_b064_small_6M_t100_10Hz_s4,b064_small_6M_t100_10Hz_s4,small,100,4,300,1,38159,38159,35123,35123,0.9204381666186221,0.9204381666186221,0.0,0,0,0.38403713562944,38.403713562944,94531,0.21457824341496431,2.232407376,94531,1.0,1.0,0,0,0,27470,0,814.8536,702.46,0.86206896551724
q035_b065_small_6M_t100_10Hz_s5,b065_small_6M_t100_10Hz_s5,small,100,5,300,1,38978,38978,35151,35151,0.9018164092565036,0.9018164092565036,0.0,0,0,0.3826105616681,38.26105616681,96328,0.2293491342439786,2.28639867,96329,1.0,1.0,1,0,0,29576,0,815.5032,703.02,0.86206896551724
q036_b066_small_6M_t100_10Hz_s6,b066_small_6M_t100_10Hz_s6,small,100,6,300,1,38517,38517,36533,36533,0.9484902770205363,0.9484902770205363,0.0,0,0,0.38200746939332,38.200746939332,94951,0.2172204617923561,2.285190288,94951,1.0,1.0,0,0,0,27903,0,847.5656,730.66,0.86206896551724
q037_b067_small_6M_t100_10Hz_s7,b067_small_6M_t100_10Hz_s7,small,100,7,300,1,38429,38429,35960,35960,0.935751645892425,0.935751645892425,0.0,0,0,0.38734506994388,38.734506994388,96861,0.24093367617332057,2.276963183,96862,1.0,1.0,1,0,0,28765,0,834.272,719.2,0.86206896551724
q038_b068_small_6M_t100_10Hz_s8,b068_small_6M_t100_10Hz_s8,small,100,8,300,1,37946,37946,36848,36848,0.971064143783271,0.971064143783271,0.0,0,0,0.38786593507846,38.786593507846,94780,0.19467289781211208,2.280294563,94780,1.0,1.0,0,0,0,26464,0,854.8736,736.96,0.86206896551724
q039_b069_small_6M_t100_10Hz_s9,b069_small_6M_t100_10Hz_s9,small,100,9,300,1,39791,39791,37971,37971,0.9542610137970898,0.9542610137970898,0.0,0,0,0.38979413685929,38.979413685928996,96053,0.21064176215066693,2.286080749,96053,1.0,1.0,0,0,0,27287,0,880.9272,759.42,0.86206896551724
q040_b070_small_6M_t100_10Hz_s10,b070_small_6M_t100_10Hz_s10,small,100,10,300,1,38396,38396,36797,36797,0.958355036983019,0.958355036983019,0.0,0,0,0.38517333802761,38.517333802761,95389,0.2109545756410486,2.283020668,95389,1.0,1.0,0,0,0,27051,0,853.6904,735.94,0.86206896551724
q041_c001_full_6M_t10_10Hz_s1,c001_full_6M_t10_10Hz_s1,full,10,1,10662,9,17628,158652,8205,83,0.004708418425232584,0.05171696543377959,0.0,2765,2,0.96043270153811,96.043270153811,476698,24.628458177895467,372.146782863,476919,5.0773338868864455,33.0,221,0,0,468207,0,674.5324,58.9964,0.087462663024045
q042_c002_full_6M_t10_10Hz_s2,c002_full_6M_t10_10Hz_s2,full,10,2,10662,9,17509,157581,6293,43,0.002455879833228625,0.03993501754653162,0.0,2706,2,0.96087786473702,96.087786473702,478818,24.227173913641003,278.668558541,478989,5.053437552845678,27.0,171,0,0,472219,0,515.4908,30.5644,0.059291843811762
q043_c003_full_6M_t10_10Hz_s3,c003_full_6M_t10_10Hz_s3,full,10,3,10662,9,17100,153900,7692,39,0.0022807017543859647,0.049980506822612084,0.0,3057,3,0.95729780169753,95.729780169753,476100,24.490117716338666,315.973978038,476280,5.068102796674226,30.0,180,0,0,468146,0,631.124,27.7212,0.043923539589684
q044_c004_full_6M_t10_10Hz_s4,c004_full_6M_t10_10Hz_s4,full,10,4,10662,9,17059,153531,7853,56,0.003282724661469019,0.05114927929864327,0.0,3013,4,0.96110339897302,96.110339897302,476074,24.798589018220884,310.285136248,476280,5.08059334845049,30.0,206,0,0,467896,0,645.614,39.8048,0.061654177263814
q045_c005_full_6M_t10_10Hz_s5,c005_full_6M_t10_10Hz_s5,full,10,5,10662,9,17850,160650,8057,72,0.004033613445378151,0.05015250544662309,0.0,2973,5,0.96032867022325,96.032867022325,479585,23.580412390717647,236.680393838,479817,5.036145030292799,22.0,232,0,0,471358,0,662.2096,51.1776,0.077283083784953
q046_c006_full_6M_t10_10Hz_s6,c006_full_6M_t10_10Hz_s6,full,10,6,10662,9,17430,156870,7819,33,0.0018932874354561102,0.0498438197233378,0.0,3131,7,0.96106445378022,96.106445378022,477320,24.178876739799676,268.860965439,477549,5.053994459207325,25.0,229,0,0,469107,0,642.7576,23.4564,0.036493384131125
q047_c007_full_6M_t10_10Hz_s7,c007_full_6M_t10_10Hz_s7,full,10,7,10662,9,17680,159120,7790,81,0.004581447963800905,0.04895676219205631,0.0,2835,4,0.96121962751911,96.121962751911,479517,23.801858810797405,287.780137424,479709,5.044089229095137,26.0,192,0,0,471420,0,640.492,57.5748,0.089891520893313
q048_c008_full_6M_t10_10Hz_s8,c008_full_6M_t10_10Hz_s8,full,10,8,10662,9,17529,157761,7811,58,0.003308802555764733,0.04951160299440292,0.0,2882,4,0.96144118695624,96.144118695624,479458,23.97039899610958,309.410314955,479619,5.0464431142219155,30.0,161,0,0,471341,0,642.0736,41.2264,0.064208215382162
q049_c009_full_6M_t10_10Hz_s9,c009_full_6M_t10_10Hz_s9,full,10,9,10662,9,17360,156240,7917,39,0.0022465437788018435,0.05067204301075269,0.0,3050,6,0.96146549768266,96.146549768266,474594,23.968462387675512,305.292418617,474759,5.0512028207996025,30.0,165,0,0,466350,0,650.7364,27.7212,0.042599737774005
q050_c010_full_6M_t10_10Hz_s10,c010_full_6M_t10_10Hz_s10,full,10,10,10662,9,17131,154179,7112,50,0.0029186854240849922,0.04612820163576103,0.0,2812,6,0.96189025069646,96.189025069646,475333,24.157721248304238,295.873728922,475479,5.059908008555583,27.0,146,0,0,467955,0,584.4964,35.54,0.060804480575073
q051_c021_full_6M_t25_10Hz_s1,c021_full_6M_t25_10Hz_s1,full,25,1,10662,9,27841,250569,7727,75,0.00269386875471427,0.030837813137299507,0.0,2273,0,0.96181459480449,96.181459480449,684912,30.907397292575013,470.568753458,685233,5.314012897802646,45.0,321,0,0,677001,0,635.1124,53.31,0.083937898236596
q052_c022_full_6M_t25_10Hz_s2,c022_full_6M_t25_10Hz_s2,full,25,2,10662,9,30030,270270,7931,83,0.002763902763902764,0.029344729344729346,0.0,2257,0,0.96215445489949,96.215445489949,719698,30.18985739492946,462.677052629,719982,5.228780719517987,39.0,284,0,0,711549,0,651.8552,58.9964,0.090505376040569
q053_c023_full_6M_t25_10Hz_s3,c023_full_6M_t25_10Hz_s3,full,25,3,10662,9,27862,250758,7756,64,0.002297035388701457,0.03093021957425087,0.0,2483,1,0.95882888840695,95.882888840695,683235,29.0245668288349,598.052327354,683613,5.200718827757813,54.0,378,0,0,675258,0,636.918,45.4912,0.07142395096386
q054_c024_full_6M_t25_10Hz_s4,c024_full_6M_t25_10Hz_s4,full,25,4,10662,9,26181,235629,8454,91,0.003475803063290172,0.03587843601594031,0.0,2385,2,0.96262218849042,96.262218849042,664305,28.68705418794281,441.606978462,664641,5.181031564408457,40.0,336,0,0,655580,0,694.9824,64.6828,0.093071133887707
q055_c025_full_6M_t25_10Hz_s5,c025_full_6M_t25_10Hz_s5,full,25,5,10662,9,30378,273402,7986,76,0.002501810520771611,0.029209735115324688,0.0,2241,1,0.96108232140582,96.10823214058199,709085,30.97839726206784,468.719032937,709443,5.289583518337631,45.0,358,0,0,701007,0,656.2472,54.0208,0.082317760746255
q056_c026_full_6M_t25_10Hz_s6,c026_full_6M_t25_10Hz_s6,full,25,6,10662,9,27792,250128,7766,57,0.0020509499136442144,0.03104810337107401,0.0,2186,5,0.96260738693245,96.260738693245,682855,29.02784159773601,451.931555549,683172,5.197014807398433,37.0,317,0,0,674741,0,638.6332,40.5156,0.063441111423584
q057_c027_full_6M_t25_10Hz_s7,c027_full_6M_t25_10Hz_s7,full,25,7,10662,9,28022,252198,7810,74,0.0026407822425237315,0.03096773170286838,0.0,2251,3,0.96296437655193,96.296437655193,690852,30.048869550974086,566.20384874,691236,5.257877193896153,51.0,384,0,0,682822,0,641.3648,52.5992,0.082011360773151
q058_c028_full_6M_t25_10Hz_s8,c028_full_6M_t25_10Hz_s8,full,25,8,10662,9,27810,250290,7941,76,0.0027328299172959367,0.031727196452115546,0.0,2328,0,0.96268093545235,96.268093545235,694335,31.645641639708767,567.264323612,694692,5.358812250608903,54.0,357,0,0,686165,0,652.6044,54.0208,0.082777253723695
q059_c029_full_6M_t25_10Hz_s9,c029_full_6M_t25_10Hz_s9,full,25,9,10662,9,28321,254889,7442,56,0.0019773313089227074,0.02919702301786268,0.0,2264,4,0.96277094797556,96.27709479755599,693077,29.383919160098067,401.571650107,693495,5.198040360781256,38.0,418,0,0,685347,0,611.5108,39.8048,0.065092554375164
q060_c030_full_6M_t25_10Hz_s10,c030_full_6M_t25_10Hz_s10,full,25,10,10662,9,27602,248418,7727,60,0.002173755524961959,0.031104831372927886,0.0,2306,0,0.96297406569163,96.297406569163,689171,29.97044164703624,538.929275535,689481,5.2712344502604145,50.0,310,0,0,681204,0,634.7628,42.648,0.067187302091427
q061_c041_full_6M_t50_10Hz_s1,c041_full_6M_t50_10Hz_s1,full,50,1,10662,9,36537,328833,12603,64,0.0017516490133289541,0.03832644533851529,0.0,3933,14,0.9660068397001,96.60068397001001,841906,32.95219054388868,463.209361606,842508,5.318858693329916,43.0,602,0,0,829114,0,1035.0456,45.4912,0.043950913853457
q062_c042_full_6M_t50_10Hz_s2,c042_full_6M_t50_10Hz_s2,full,50,2,10662,9,37564,338076,12365,53,0.0014109253540624002,0.036574616358451946,0.0,3905,18,0.96734332039834,96.734332039834,864233,33.46536188508112,500.588734999,864864,5.332927489177487,47.0,631,0,0,851650,0,1016.1272,37.6724,0.037074492248608
q063_c043_full_6M_t50_10Hz_s3,c043_full_6M_t50_10Hz_s3,full,50,3,10662,9,36104,324936,13398,51,0.0014125858630622645,0.041232735061673687,0.0,3918,13,0.96282036080618,96.282036080618,844804,33.24413696303242,540.574317599,845370,5.349856275950175,50.0,566,0,0,831172,0,1101.1344,36.2508,0.032921321865887
q064_c044_full_6M_t50_10Hz_s4,c044_full_6M_t50_10Hz_s4,full,50,4,10662,9,36304,326736,12685,49,0.0013497135301895108,0.03882339258606336,0.0,4002,21,0.9668346777049,96.68346777049,839444,33.3056955547108,448.473141411,839889,5.330793712026233,40.0,445,0,0,826497,0,1042.466,34.8292,0.033410394199907
q065_c045_full_6M_t50_10Hz_s5,c045_full_6M_t50_10Hz_s5,full,50,5,10662,9,36666,329994,13323,60,0.0016363933889707086,0.04037346133566065,0.0,4053,13,0.96650591465821,96.650591465821,847973,33.037369049619905,413.119264312,848628,5.319072667882748,37.0,655,0,0,834551,0,1095.474,42.648,0.038931092842003
q066_c046_full_6M_t50_10Hz_s6,c046_full_6M_t50_10Hz_s6,full,50,6,10662,9,35847,322623,13694,71,0.001980639941975619,0.0424458268629329,0.0,3924,18,0.96706996013372,96.706996013372,851799,33.13336752498021,433.805328975,852345,5.305010295126973,41.0,546,0,0,837791,0,1125.6236,50.4668,0.044834525502131
q067_c047_full_6M_t50_10Hz_s7,c047_full_6M_t50_10Hz_s7,full,50,7,10662,9,37625,338625,13132,71,0.0018870431893687708,0.03878036175710594,0.0,4144,15,0.96761343883685,96.761343883685,893930,37.35801469273434,603.875490368,894735,5.561887039179203,55.0,805,0,0,880608,0,1079.1044,50.4668,0.046767300735684
q068_c048_full_6M_t50_10Hz_s8,c048_full_6M_t50_10Hz_s8,full,50,8,10662,9,36537,328833,12944,66,0.001806388044995484,0.039363445882864556,0.0,3958,13,0.96767969199283,96.767969199283,849135,33.34129273282796,440.563880688,849762,5.33629180876528,39.0,627,0,0,835959,0,1063.7572,46.9128,0.044101041102236
q069_c049_full_6M_t50_10Hz_s9,c049_full_6M_t50_10Hz_s9,full,50,9,10662,9,37306,335754,13348,60,0.001608320377419182,0.03975529703294674,0.0,3888,13,0.96759507045095,96.75950704509499,855412,34.029475650665965,489.687077282,855999,5.374951372606745,45.0,587,0,0,841788,0,1097.6552,42.648,0.038853731117021
q070_c050_full_6M_t50_10Hz_s10,c050_full_6M_t50_10Hz_s10,full,50,10,10662,9,36804,331236,13132,64,0.0017389414194109336,0.03964544916615344,0.0,4080,20,0.96833289292509,96.833289292509,853678,34.6069766009139,553.292933338,854217,5.417877424588831,50.0,539,0,0,840320,0,1079.4172,45.4912,0.042144223753337
q071_c061_full_6M_t100_10Hz_s1,c061_full_6M_t100_10Hz_s1,full,100,1,10662,9,39341,354069,13756,78,0.0019826643959228287,0.03885118437366728,0.0,4005,9,0.9670583280108,96.70583280108,867539,32.5500163017504,455.867316735,868203,5.265821472627946,38.0,664,0,0,853612,0,1130.6624,55.4424,0.049035326548402
q072_c062_full_6M_t100_10Hz_s2,c062_full_6M_t100_10Hz_s2,full,100,2,10662,9,38018,342162,12998,58,0.0015255931400915356,0.037987853706723716,0.0,3834,15,0.96722599794617,96.722599794617,868389,33.139817431159884,540.287779213,868932,5.313564237477732,50.0,543,0,0,855176,0,1067.8176,41.2264,0.038608091868873
q073_c063_full_6M_t100_10Hz_s3,c063_full_6M_t100_10Hz_s3,full,100,3,10662,9,38795,349155,12386,35,0.000902178115736564,0.03547421632226375,0.0,3934,21,0.96446419574976,96.44641957497599,853584,32.17475047286221,473.091655431,854145,5.263505610874026,42.0,561,0,0,841008,0,1017.948,24.878,0.024439362324991
q074_c064_full_6M_t100_10Hz_s4,c064_full_6M_t100_10Hz_s4,full,100,4,10662,9,38159,343431,13438,69,0.0018082234859404073,0.039128675046807074,0.0,3945,19,0.96701878467539,96.701878467539,850246,32.102981049142706,481.991499607,850779,5.259946472585711,44.0,533,0,0,836556,0,1104.2692,49.0452,0.044414170023034
q075_c065_full_6M_t100_10Hz_s5,c065_full_6M_t100_10Hz_s5,full,100,5,10662,9,38978,350802,12709,63,0.0016162963723125865,0.03622841374906643,0.0,3873,15,0.96652434829051,96.652434829051,866447,32.19255054460074,630.877840658,866961,5.2554578579659355,58.0,514,0,0,853631,0,1043.3036,44.7804,0.042921734382973
q076_c066_full_6M_t100_10Hz_s6,c066_full_6M_t100_10Hz_s6,full,100,6,10662,9,38517,346653,12982,52,0.0013500532232520704,0.037449553299697395,0.0,3827,14,0.96743143772202,96.743143772202,853932,32.07770978266703,465.925067825,854559,5.264410064138346,44.0,627,0,0,840619,0,1066.8084,36.9616,0.034646896293655
q077_c067_full_6M_t100_10Hz_s7,c067_full_6M_t100_10Hz_s7,full,100,7,10662,9,38429,345861,14120,57,0.0014832548335892166,0.04082564961068175,0.0,4222,19,0.9685036916275,96.85036916275,871241,32.60485060875793,356.567005522,871758,5.261908694844208,35.0,517,0,0,856924,0,1161.0944,40.5156,0.034894320392898
q078_c068_full_6M_t100_10Hz_s8,c068_full_6M_t100_10Hz_s8,full,100,8,10662,9,37946,341514,12634,46,0.0012122489854003056,0.036994091018230583,0.0,3879,14,0.96716537366861,96.716537366861,852344,32.47620709764516,506.899835105,853020,5.268938594640219,47.0,676,0,0,839463,0,1037.8088,32.6968,0.031505610667398
q079_c069_full_6M_t100_10Hz_s9,c069_full_6M_t100_10Hz_s9,full,100,9,10662,9,39791,358119,13112,46,0.0011560403106230053,0.03661352790552861,0.0,4289,15,0.96907197931568,96.907197931568,863960,31.85813309490464,460.819778809,864477,5.227343237587581,41.0,517,0,0,850572,0,1077.5968,32.6968,0.030342332122738
q080_c070_full_6M_t100_10Hz_s10,c070_full_6M_t100_10Hz_s10,full,100,10,10662,9,38396,345564,13353,67,0.0017449734347327846,0.03864117790047574,0.0,3955,16,0.96751410773136,96.751410773136,857760,32.731521083376556,487.308617709,858501,5.286689240897792,45.0,741,0,0,844178,0,1097.188,47.6236,0.04340514114263
q081_c081_digest_6M_t10_10Hz_s1,c081_digest_6M_t10_10Hz_s1,digest,10,1,3465,3,17628,52884,18930,2152,0.12207851145904243,0.35795325618334467,0.0,8780,24,0.91505238765098,91.505238765098,158957,6.287053932660714,37.188647477,158973,2.0,3.0,16,0,0,133602,0,1521.597,497.112,0.32670411416426
q082_c082_digest_6M_t10_10Hz_s2,c082_digest_6M_t10_10Hz_s2,digest,10,2,3465,3,17509,52527,17069,2136,0.12199440287851962,0.3249566889409256,0.0,7536,27,0.92205168022794,92.205168022794,159656,6.229959922727257,44.207746248,159663,2.0,3.0,7,0,0,135712,0,1372.1978,493.416,0.35958081262045
q083_c083_digest_6M_t10_10Hz_s3,c083_digest_6M_t10_10Hz_s3,digest,10,3,3465,3,17100,51300,16410,1674,0.09789473684210526,0.3198830409356725,0.0,8136,22,0.90221107417429,90.221107417429,158739,6.3111006546611765,32.971619702,158760,2.0,3.0,21,0,0,136006,0,1316.973,386.694,0.29362333168562
q084_c084_digest_6M_t10_10Hz_s4,c084_digest_6M_t10_10Hz_s4,digest,10,4,3465,3,17059,51177,16580,2145,0.12574007855091154,0.32397366004259726,0.0,7256,31,0.92115013901808,92.115013901808,158738,6.259876383764716,41.12159843,158760,2.0,3.0,22,0,0,135300,0,1330.766,495.495,0.37233818717941
q085_c085_digest_6M_t10_10Hz_s5,c085_digest_6M_t10_10Hz_s5,digest,10,5,3465,3,17850,53550,18270,2170,0.12156862745098039,0.3411764705882353,0.0,8277,19,0.92073475908543,92.073475908543,159920,6.28485679490048,35.618477788,159939,2.0,3.0,19,0,0,134650,0,1467.63,501.27,0.34155066331432
q086_c086_digest_6M_t10_10Hz_s6,c086_digest_6M_t10_10Hz_s6,digest,10,6,3465,3,17430,52290,18725,2282,0.13092369477911647,0.35809906291834004,0.0,8296,24,0.91410137608319,91.41013760831899,159166,6.366898062014013,30.842440637,159183,2.0,3.0,17,0,0,134058,0,1505.234,527.142,0.35020601448014
q087_c087_digest_6M_t10_10Hz_s7,c087_digest_6M_t10_10Hz_s7,digest,10,7,3465,3,17680,53040,18620,2081,0.11770361990950226,0.35105580693815985,0.0,8795,29,0.91659406734538,91.659406734538,159879,6.270718348013782,34.173290567,159903,2.0,3.0,24,0,0,135942,0,1495.274,480.711,0.32148689805347
q088_c088_digest_6M_t10_10Hz_s8,c088_digest_6M_t10_10Hz_s8,digest,10,8,3465,3,17529,52587,18230,2085,0.11894574704774945,0.3466636240896039,0.0,8441,24,0.92374279775611,92.374279775611,159851,6.245992315771277,34.876444167,159873,2.0,3.0,22,0,0,136698,0,1464.131,481.635,0.32895622044749
q089_c089_digest_6M_t10_10Hz_s9,c089_digest_6M_t10_10Hz_s9,digest,10,9,3465,3,17360,52080,17927,2338,0.1346774193548387,0.3442204301075269,0.0,7651,24,0.9077685612182,90.77685612182,158222,6.2681076248645144,35.204376061,158253,2.0,3.0,31,0,0,134152,0,1438.5614,540.078,0.37542923089692
q090_c090_digest_6M_t10_10Hz_s10,c090_digest_6M_t10_10Hz_s10,digest,10,10,3465,3,17131,51393,19406,2413,0.14085575856634172,0.377600062265289,0.0,8302,25,0.9139547540922,91.39547540922,158469,6.379590659858413,43.164017947,158493,2.0,3.0,24,0,0,132929,0,1558.2842,557.403,0.35770304287241
q091_c101_digest_6M_t25_10Hz_s1,c101_digest_6M_t25_10Hz_s1,digest,25,1,3465,3,27841,83523,17247,1822,0.06544305161452534,0.20649401961136454,0.0,8823,25,0.92376113029766,92.376113029766,228373,6.956798957792141,49.717532231,228411,2.0,3.0,38,0,0,208377,0,1385.2794,420.882,0.30382462916867
q092_c102_digest_6M_t25_10Hz_s2,c102_digest_6M_t25_10Hz_s2,digest,25,2,3465,3,30030,90090,17463,1936,0.06446886446886448,0.19383949383949384,0.0,8772,30,0.93145680273199,93.145680273199,239948,7.006915835543,55.974241642,239994,2.0,3.0,46,0,0,219814,0,1402.4676,447.216,0.31887795482762
q093_c103_digest_6M_t25_10Hz_s3,c103_digest_6M_t25_10Hz_s3,digest,25,3,3465,3,27862,83586,17058,1764,0.06331203790108392,0.20407723781494508,0.0,8803,20,0.92597816696849,92.597816696849,227833,6.905940035940371,44.749472751,227871,2.0,3.0,38,0,0,207559,0,1369.3386,407.484,0.29757723911383
q094_c104_digest_6M_t25_10Hz_s4,c104_digest_6M_t25_10Hz_s4,digest,25,4,3465,3,26181,78543,18359,1994,0.07616210228791873,0.2337445730364259,0.0,9148,28,0.92819668880997,92.819668880997,221484,6.864169111862027,34.874035352,221547,2.0,3.0,63,0,0,198804,0,1475.2868,460.614,0.31221996970352
q095_c105_digest_6M_t25_10Hz_s5,c105_digest_6M_t25_10Hz_s5,digest,25,5,3465,3,30378,91134,17557,1965,0.06468496938573969,0.19265038295257533,0.0,8698,30,0.9366643187351,93.66643187351,236446,6.958970986313229,49.566599125,236481,2.0,3.0,35,0,0,216120,0,1410.0724,453.915,0.32190900268667
q096_c106_digest_6M_t25_10Hz_s6,c106_digest_6M_t25_10Hz_s6,digest,25,6,3465,3,27792,83376,18276,2196,0.07901554404145078,0.21919976971790442,0.0,8715,19,0.93417608063059,93.41760806305899,227699,6.896242392044613,48.046407008,227724,2.0,3.0,25,0,0,206263,0,1467.6522,507.276,0.34563774714473
q097_c107_digest_6M_t25_10Hz_s7,c107_digest_6M_t25_10Hz_s7,digest,25,7,3465,3,28022,84066,17294,1855,0.06619798729569625,0.20571931577570005,0.0,8864,18,0.93129636780437,93.129636780437,230382,6.943932194374968,43.542286387,230412,2.0,3.0,30,0,0,210652,0,1388.5778,428.505,0.30859271983176
q098_c108_digest_6M_t25_10Hz_s8,c108_digest_6M_t25_10Hz_s8,digest,25,8,3465,3,27810,83430,16152,1608,0.05782092772384034,0.19359942466738583,0.0,8583,25,0.92908125806245,92.908125806245,231525,6.9691607373226825,57.981301991,231564,2.0,3.0,39,0,0,212207,0,1296.8394,371.448,0.28642559749496
q099_c109_digest_6M_t25_10Hz_s9,c109_digest_6M_t25_10Hz_s9,digest,25,9,3465,3,28321,84963,17949,2062,0.07280816355354684,0.2112566646657957,0.0,8839,25,0.93536447846646,93.536447846646,231133,6.900690660489377,50.955504309,231165,2.0,3.0,32,0,0,210761,0,1441.9218,476.322,0.33033830267356
q100_c110_digest_6M_t25_10Hz_s10,c110_digest_6M_t25_10Hz_s10,digest,25,10,3465,3,27602,82806,16840,1780,0.06448808057387145,0.20336690577977443,0.0,8623,33,0.92663253536441,92.663253536441,229809,6.949051966359365,41.428116774,229827,2.0,3.0,18,0,0,210440,0,1350.661,411.18,0.30442872045613
q101_c121_digest_6M_t50_10Hz_s1,c121_digest_6M_t50_10Hz_s1,digest,50,1,3465,3,36537,109611,19271,2427,0.06642581492733393,0.17581264654094936,0.0,8738,37,0.93633816059999,93.63381605999899,280789,7.196075766691273,47.721606032,280836,2.0,3.0,47,0,0,259631,0,1544.9642,560.637,0.36288025314761
q102_c122_digest_6M_t50_10Hz_s2,c122_digest_6M_t50_10Hz_s2,digest,50,2,3465,3,37564,112692,19396,2475,0.06588755191140454,0.17211514570688247,0.0,8700,43,0.92963896129434,92.963896129434,288230,7.2958774714782,48.491186827,288288,2.0,3.0,58,0,0,267110,0,1558.5682,571.725,0.36682706602124
q103_c123_digest_6M_t50_10Hz_s3,c123_digest_6M_t50_10Hz_s3,digest,50,3,3465,3,36104,108312,19492,2441,0.0676102370928429,0.17996159243666446,0.0,8856,40,0.92804213180831,92.804213180831,281751,7.188755039769582,44.077355795,281790,2.0,3.0,39,0,0,260717,0,1563.9184,563.871,0.36055014123499
q104_c124_digest_6M_t50_10Hz_s4,c124_digest_6M_t50_10Hz_s4,digest,50,4,3465,3,36304,108912,20089,2546,0.07013001322168357,0.18445166740120464,0.0,9163,37,0.94124080395835,94.124080395835,279908,7.147313733493918,40.644935591,279963,2.0,3.0,55,0,0,257538,0,1613.4358,588.126,0.36451775769448
q105_c125_digest_6M_t50_10Hz_s5,c125_digest_6M_t50_10Hz_s5,digest,50,5,3465,3,36666,109998,20582,2718,0.0741286205203731,0.18711249295441734,0.0,8968,50,0.93833718896707,93.833718896707,282815,7.202827830042541,44.261869355,282876,2.0,3.0,61,0,0,260129,0,1650.6014,627.858,0.38038135675882
q106_c126_digest_6M_t50_10Hz_s6,c126_digest_6M_t50_10Hz_s6,digest,50,6,3465,3,35847,107541,18054,2037,0.056824838898652606,0.16788015733534187,0.0,8768,39,0.93489015912755,93.48901591275501,284066,7.304915200262751,42.125272187,284115,2.0,3.0,49,0,0,264017,0,1448.9028,470.547,0.32476091563906
q107_c127_digest_6M_t50_10Hz_s7,c127_digest_6M_t50_10Hz_s7,digest,50,7,3465,3,37625,112875,18725,2437,0.06477076411960132,0.16589147286821707,0.0,8303,33,0.93223436481032,93.223436481032,298185,7.405041343461302,52.602084047,298245,2.0,3.0,60,0,0,277836,0,1502.831,562.947,0.37459102187804
q108_c128_digest_6M_t50_10Hz_s8,c128_digest_6M_t50_10Hz_s8,digest,50,8,3465,3,36537,109611,19414,2040,0.05583381229986042,0.17711726012900164,0.0,9765,41,0.93583733240437,93.583733240437,283201,7.365366531610964,48.025373873,283254,2.0,3.0,53,0,0,261590,0,1556.7448,471.24,0.30270857497003
q109_c129_digest_6M_t50_10Hz_s9,c129_digest_6M_t50_10Hz_s9,digest,50,9,3465,3,37306,111918,18264,2275,0.060982147643810644,0.16319090762879965,0.0,8277,36,0.93606904334189,93.606904334189,285268,7.256648871364473,38.586226347,285333,2.0,3.0,65,0,0,264864,0,1466.0868,525.525,0.3584542197638
q110_c130_digest_6M_t50_10Hz_s10,c130_digest_6M_t50_10Hz_s10,digest,50,10,3465,3,36804,110412,19527,2351,0.06387892620367351,0.1768557765460276,0.0,9070,53,0.93256553572417,93.256553572417,284715,7.337133615207297,46.893763292,284739,2.0,3.0,24,0,0,263481,0,1567.1004,543.081,0.34655150365605
q111_c141_digest_6M_t100_10Hz_s1,c141_digest_6M_t100_10Hz_s1,digest,100,1,3465,3,39341,118023,18747,2119,0.053862382755903514,0.15884192064258662,0.0,8993,52,0.93779123938843,93.779123938843,289355,7.191460472130715,43.335932357,289401,2.0,3.0,46,0,0,269190,0,1506.0024,489.489,0.32502537844561
q112_c142_digest_6M_t100_10Hz_s2,c142_digest_6M_t100_10Hz_s2,digest,100,2,3465,3,38018,114054,18643,2446,0.06433794518386028,0.16345766040647414,0.0,8188,37,0.9345810059542,93.45810059542,289598,7.268492271915186,43.552217182,289644,2.0,3.0,46,0,0,269548,0,1496.9266,565.026,0.37745738501808
q113_c143_digest_6M_t100_10Hz_s3,c143_digest_6M_t100_10Hz_s3,digest,100,3,3465,3,38795,116385,19529,2638,0.06799845340894445,0.1677965373544701,0.0,8442,43,0.93645740693693,93.645740693693,284674,7.136983969516041,40.748858666,284715,2.0,3.0,41,0,0,263686,0,1568.4458,609.378,0.38852346698879
q114_c144_digest_6M_t100_10Hz_s4,c144_digest_6M_t100_10Hz_s4,digest,100,4,3465,3,38159,114477,18164,2181,0.05715558583820331,0.15866942704648096,0.0,8497,36,0.93894808262802,93.894808262802,283530,7.165026765114971,38.814558361,283593,2.0,3.0,63,0,0,263302,0,1457.7848,503.811,0.34560039314445
q115_c145_digest_6M_t100_10Hz_s5,c145_digest_6M_t100_10Hz_s5,digest,100,5,3465,3,38978,116934,18667,2186,0.056082918569449434,0.15963706022200558,0.0,8946,39,0.9387354675585,93.87354675585,288957,7.138340204311192,44.933229033,288987,2.0,3.0,30,0,0,269082,0,1498.8784,504.966,0.3368959083005
q116_c146_digest_6M_t100_10Hz_s6,c146_digest_6M_t100_10Hz_s6,digest,100,6,3465,3,38517,115551,18946,2284,0.05929849157514864,0.16396223312649827,0.0,8959,40,0.93974200379,93.974200379,284806,7.165595570793644,42.233498113,284853,2.0,3.0,47,0,0,264420,0,1521.3352,527.604,0.34680325545613
q117_c147_digest_6M_t100_10Hz_s7,c147_digest_6M_t100_10Hz_s7,digest,100,7,3465,3,38429,115287,18192,2415,0.06284316531785891,0.15779749668219314,0.0,8093,40,0.93307708787358,93.307708787358,290538,7.2772352252632,40.20060057,290586,2.0,3.0,48,0,0,270357,0,1458.8724,557.865,0.38239464945666
q118_c148_digest_6M_t100_10Hz_s8,c148_digest_6M_t100_10Hz_s8,digest,100,8,3465,3,37946,113838,18822,2379,0.06269435513624624,0.16534022031307646,0.0,8526,47,0.93987963861467,93.98796386146701,284275,7.1736831429039984,42.261780177,284340,2.0,3.0,65,0,0,264121,0,1510.9284,549.549,0.36371610990964
q119_c149_digest_6M_t100_10Hz_s9,c149_digest_6M_t100_10Hz_s9,digest,100,9,3465,3,39791,119373,19369,2145,0.05390666231057274,0.1622561215685289,0.0,9621,36,0.93885178432749,93.885178432749,288101,7.283563449048068,42.602615829,288159,2.0,3.0,58,0,0,267284,0,1555.7278,495.495,0.31849723325636
q120_c150_digest_6M_t100_10Hz_s10,c150_digest_6M_t100_10Hz_s10,digest,100,10,3465,3,38396,115188,18288,2358,0.06141264715074487,0.15876653818106054,0.0,8199,29,0.938736266195,93.8736266195,286135,7.269017719034149,57.505049966,286167,2.0,3.0,32,0,0,266538,0,1469.3616,544.698,0.3707038485285
