mode,density,metric,mean,ci95_half_width
digest,10,rsu_cbr_percent,91.573615966518,0.4838580064918858
digest,10,mac_queue_delay_mean_ms,6.290415469923635,0.03514112213101939
digest,10,queue_length_enqueue_mean,2.0,0.0
digest,10,logical_pdr,0.12323825968391074,0.008272568396298266
digest,10,logical_goodput_kbps,496.0956,32.960613315854516
digest,10,goodput_efficiency,0.342757851571449,0.0181921768450361
digest,25,rsu_cbr_percent,93.02607827871489,0.3056356388803181
digest,25,mac_queue_delay_mean_ms,6.935187287804178,0.030355939318029712
digest,25,queue_length_enqueue_mean,2.0,0.0
digest,25,logical_pdr,0.06744017288465373,0.004642869967874788
digest,25,logical_goodput_kbps,438.48420000000004,27.785473308657856
digest,25,goodput_efficiency,0.312983188310145,0.012162246477625038
digest,50,rsu_cbr_percent,93.45193682036361,0.2842978839426422
digest,50,mac_queue_delay_mean_ms,7.269995540338229,0.06104303738917505
digest,50,queue_length_enqueue_mean,2.0,0.0
digest,50,logical_pdr,0.06464727268392365,0.004035014338769058
digest,50,logical_goodput_kbps,548.5556999999999,35.047269511188006
digest,50,goodput_efficiency,0.354222281076412,0.01699120599588655
digest,100,rsu_cbr_percent,93.76799983266821,0.162775379941408
digest,100,mac_queue_delay_mean_ms,7.206939879003118,0.04322923255048039
digest,100,queue_length_enqueue_mean,2.0,0.0
digest,100,logical_pdr,0.059959260724693195,0.0033624360388595093
digest,100,logical_goodput_kbps,534.7881,27.002155071108064
digest,100,goodput_efficiency,0.35556176285047203,0.017542501275234323
full,10,rsu_cbr_percent,96.0712145380362,0.09214279486475618
full,10,mac_queue_delay_mean_ms,24.18020693995001,0.2691279909387774
full,10,queue_length_enqueue_mean,5.05712502470292,0.010311738880303345
full,10,logical_pdr,0.0031710105277602497,0.000714698949517398
full,10,logical_goodput_kbps,39.37832,9.162600856921642
full,10,goodput_efficiency,0.062361264622993594,0.013117102499356943
full,25,rsu_cbr_percent,96.20500160611091,0.09118796227116377
full,25,mac_queue_delay_mean_ms,29.986398656190318,0.6962713056032079
full,25,queue_length_enqueue_mean,5.249710659076969,0.04209172734333411
full,25,logical_pdr,0.00253080693987284,0.0003151201100019701
full,25,logical_goodput_kbps,50.60896,5.8948102177252295
full,25,goodput_efficiency,0.07817657022620081,0.007595927344533598
full,50,rsu_cbr_percent,96.67802167607171,0.11014307832651582
full,50,mac_queue_delay_mean_ms,33.84738811984553,0.9526574987700585
full,50,queue_length_enqueue_mean,5.3647526778633585,0.054765314698487444
full,50,logical_pdr,0.0016582600122783402,0.00015326877417472197
full,50,logical_goodput_kbps,43.28772,3.985402909518264
full,50,goodput_efficiency,0.0402989037220271,0.0034542447282032984
full,100,rsu_cbr_percent,96.719782447378,0.0871314406307988
full,100,mac_queue_delay_mean_ms,32.39085374668672,0.2725207625361108
full,100,queue_length_enqueue_mean,5.26675854836395,0.015746756173313337
full,100,logical_pdr,0.00147815262976009,0.0002358930606902146
full,100,logical_goodput_kbps,40.58668,6.504824287827745
full,100,goodput_efficiency,0.0374212985767592,0.005432193955720983
small,10,rsu_cbr_percent,22.336575923294603,0.11433470621626185
small,10,mac_queue_delay_mean_ms,0.10174807817313074,0.013993447017352195
small,10,queue_length_enqueue_mean,1.0,0.0
small,10,logical_pdr,0.9866300703995627,0.005471980063921578
small,10,logical_goodput_kbps,343.89400000000006,4.287964103218769
small,10,goodput_efficiency,0.86206896551724,0.0
small,25,rsu_cbr_percent,31.663859164646198,0.5328123964448466
small,25,mac_queue_delay_mean_ms,0.1653354775747911,0.016784703266102347
small,25,queue_length_enqueue_mean,1.0,0.0
small,25,logical_pdr,0.9576262799564172,0.017183780825558714
small,25,logical_goodput_kbps,539.896,20.921018237731687
small,25,goodput_efficiency,0.86206896551724,0.0
small,50,rsu_cbr_percent,38.6126508570479,0.45961796517221387
small,50,mac_queue_delay_mean_ms,0.20441504649265552,0.010325732270593385
small,50,queue_length_enqueue_mean,1.0,0.0
small,50,logical_pdr,0.9565859519743898,0.010237315971128091
small,50,logical_goodput_kbps,702.734,12.417128916434308
small,50,goodput_efficiency,0.86206896551724,0.0
small,100,rsu_cbr_percent,38.6957888993455,0.249057655796058
small,100,mac_queue_delay_mean_ms,0.21103081405069254,0.01098507733366827
small,100,queue_length_enqueue_mean,1.0,0.0
small,100,logical_pdr,0.9441571522048824,0.015152002694405309
small,100,logical_goodput_kbps,729.6020000000001,14.626009475753449
small,100,goodput_efficiency,0.86206896551724,0.0
