tag,variant,target,seed,payload_bytes,expected_fragments,observed_fragment_ratio,generated_logical,generated_fragments,received_fragments,received_fragment_metric,completed_logical,completed_before_deadline,completed_after_deadline,reassembly_timeouts,duplicate_fragments,malformed_fragments,logical_completion_rate,on_time_completion_rate,late_completion_rate,reassembly_timeout_per_generated,fragment_reception_rate,mac_queue_delay_samples,mac_queue_delay_mean_ms,mac_queue_delay_max_ms,mac_queue_length_samples,mac_queue_length_mean,mac_queue_length_max
q001_b001_small_6M_t10_10Hz_s1,small,10,1,300,1,1.0,17628.0,17628.0,17442.0,receivedFragmentsInRsuCoverage,17442.0,17442.0,0.0,0.0,0.0,0.0,0.9894486044928523,0.9894486044928523,0.0,0.0,0.9894486044928523,52991.0,0.07769168089275516,1.64666641,52991.0,1.0,1.0
q002_b002_small_6M_t10_10Hz_s2,small,10,2,300,1,1.0,17509.0,17509.0,17300.0,receivedFragmentsInRsuCoverage,17300.0,17300.0,0.0,0.0,0.0,0.0,0.988063281740819,0.988063281740819,0.0,0.0,0.988063281740819,53221.0,0.12176014628533809,2.217913864,53221.0,1.0,1.0
q003_b003_small_6M_t10_10Hz_s3,small,10,3,300,1,1.0,17100.0,17100.0,16976.0,receivedFragmentsInRsuCoverage,16976.0,16976.0,0.0,0.0,0.0,0.0,0.9927485380116959,0.9927485380116959,0.0,0.0,0.9927485380116959,52919.0,0.08591066322353044,1.167023693,52920.0,1.0,1.0
q004_b004_small_6M_t10_10Hz_s4,small,10,4,300,1,1.0,17059.0,17059.0,16574.0,receivedFragmentsInRsuCoverage,16574.0,16574.0,0.0,0.0,0.0,0.0,0.9715692596283487,0.9715692596283487,0.0,0.0,0.9715692596283487,52920.0,0.13888506226407793,2.268404918,52920.0,1.0,1.0
q005_b005_small_6M_t10_10Hz_s5,small,10,5,300,1,1.0,17850.0,17850.0,17430.0,receivedFragmentsInRsuCoverage,17430.0,17430.0,0.0,0.0,0.0,0.0,0.9764705882352941,0.9764705882352941,0.0,0.0,0.9764705882352941,53313.0,0.11625747553765482,2.271214704,53313.0,1.0,1.0
q006_b006_small_6M_t10_10Hz_s6,small,10,6,300,1,1.0,17430.0,17430.0,17191.0,receivedFragmentsInRsuCoverage,17191.0,17191.0,0.0,0.0,0.0,0.0,0.9862880091795755,0.9862880091795755,0.0,0.0,0.9862880091795755,53061.0,0.0831398401584024,1.701212601,53061.0,1.0,1.0
q007_b007_small_6M_t10_10Hz_s7,small,10,7,300,1,1.0,17680.0,17680.0,17527.0,receivedFragmentsInRsuCoverage,17527.0,17527.0,0.0,0.0,0.0,0.0,0.9913461538461539,0.9913461538461539,0.0,0.0,0.9913461538461539,53301.0,0.10590530210885325,2.072005438,53301.0,1.0,1.0
q008_b008_small_6M_t10_10Hz_s8,small,10,8,300,1,1.0,17529.0,17529.0,17465.0,receivedFragmentsInRsuCoverage,17465.0,17465.0,0.0,0.0,0.0,0.0,0.9963489075246734,0.9963489075246734,0.0,0.0,0.9963489075246734,53291.0,0.08808877973892418,1.659454997,53291.0,1.0,1.0
q009_b009_small_6M_t10_10Hz_s9,small,10,9,300,1,1.0,17360.0,17360.0,17065.0,receivedFragmentsInRsuCoverage,17065.0,17065.0,0.0,0.0,0.0,0.0,0.9830069124423964,0.9830069124423964,0.0,0.0,0.9830069124423964,52751.0,0.10572477235904532,2.236903189,52751.0,1.0,1.0
q010_b010_small_6M_t10_10Hz_s10,small,10,10,300,1,1.0,17131.0,17131.0,16977.0,receivedFragmentsInRsuCoverage,16977.0,16977.0,0.0,0.0,0.0,0.0,0.9910104488938182,0.9910104488938182,0.0,0.0,0.9910104488938182,52831.0,0.09411705916272621,1.715930958,52831.0,1.0,1.0
q011_b021_small_6M_t25_10Hz_s1,small,25,1,300,1,1.0,27841.0,27841.0,26375.0,receivedFragmentsInRsuCoverage,26375.0,26375.0,0.0,0.0,0.0,0.0,0.9473438454078518,0.9473438454078518,0.0,0.0,0.9473438454078518,76137.0,0.20659294812478818,2.261907226,76137.0,1.0,1.0
q012_b022_small_6M_t25_10Hz_s2,small,25,2,300,1,1.0,30030.0,30030.0,29491.0,receivedFragmentsInRsuCoverage,29491.0,29491.0,0.0,0.0,0.0,0.0,0.982051282051282,0.982051282051282,0.0,0.0,0.982051282051282,79998.0,0.15998890367090401,2.285564857,79998.0,1.0,1.0
q013_b023_small_6M_t25_10Hz_s3,small,25,3,300,1,1.0,27862.0,27862.0,27221.0,receivedFragmentsInRsuCoverage,27221.0,27221.0,0.0,0.0,0.0,0.0,0.9769937549350369,0.9769937549350369,0.0,0.0,0.9769937549350369,75957.0,0.1687204467923824,2.261072048,75957.0,1.0,1.0
q014_b024_small_6M_t25_10Hz_s4,small,25,4,300,1,1.0,26181.0,26181.0,25279.0,receivedFragmentsInRsuCoverage,25279.0,25279.0,0.0,0.0,0.0,0.0,0.9655475344715634,0.9655475344715634,0.0,0.0,0.9655475344715634,73849.0,0.1396384248058204,2.159085516,73849.0,1.0,1.0
q015_b025_small_6M_t25_10Hz_s5,small,25,5,300,1,1.0,30378.0,30378.0,29372.0,receivedFragmentsInRsuCoverage,29372.0,29372.0,0.0,0.0,0.0,0.0,0.96688392915926,0.96688392915926,0.0,0.0,0.96688392915926,78826.0,0.16657650861029352,2.238622582,78827.0,1.0,1.0
q016_b026_small_6M_t25_10Hz_s6,small,25,6,300,1,1.0,27792.0,27792.0,27025.0,receivedFragmentsInRsuCoverage,27025.0,27025.0,0.0,0.0,0.0,0.0,0.972402130109384,0.972402130109384,0.0,0.0,0.972402130109384,75908.0,0.13774045670370744,2.274168345,75908.0,1.0,1.0
q017_b027_small_6M_t25_10Hz_s7,small,25,7,300,1,1.0,28022.0,28022.0,26529.0,receivedFragmentsInRsuCoverage,26529.0,26529.0,0.0,0.0,0.0,0.0,0.9467204339447577,0.9467204339447577,0.0,0.0,0.9467204339447577,76803.0,0.19653815419945833,2.265266782,76804.0,1.0,1.0
q018_b028_small_6M_t25_10Hz_s8,small,25,8,300,1,1.0,27810.0,27810.0,27292.0,receivedFragmentsInRsuCoverage,27292.0,27292.0,0.0,0.0,0.0,0.0,0.9813736066163251,0.9813736066163251,0.0,0.0,0.9813736066163251,77188.0,0.1421536337378608,2.262068217,77188.0,1.0,1.0
q019_b029_small_6M_t25_10Hz_s9,small,25,9,300,1,1.0,28321.0,28321.0,26021.0,receivedFragmentsInRsuCoverage,26021.0,26021.0,0.0,0.0,0.0,0.0,0.9187881783835317,0.9187881783835317,0.0,0.0,0.9187881783835317,77055.0,0.156148849781507,2.285340449,77055.0,1.0,1.0
q020_b030_small_6M_t25_10Hz_s10,small,25,10,300,1,1.0,27602.0,27602.0,25343.0,receivedFragmentsInRsuCoverage,25343.0,25343.0,0.0,0.0,0.0,0.0,0.9181581044851822,0.9181581044851822,0.0,0.0,0.9181581044851822,76609.0,0.17925644932118942,2.28336219,76609.0,1.0,1.0
q021_b041_small_6M_t50_10Hz_s1,small,50,1,300,1,1.0,36537.0,36537.0,34180.0,receivedFragmentsInRsuCoverage,34180.0,34180.0,0.0,0.0,0.0,0.0,0.9354900511809946,0.9354900511809946,0.0,0.0,0.9354900511809946,93611.0,0.21890648399181725,2.286299034,93612.0,1.0,1.0
q022_b042_small_6M_t50_10Hz_s2,small,50,2,300,1,1.0,37564.0,37564.0,36061.0,receivedFragmentsInRsuCoverage,36061.0,36061.0,0.0,0.0,0.0,0.0,0.959988286657438,0.959988286657438,0.0,0.0,0.959988286657438,96094.0,0.22580706703360257,2.287745843,96096.0,1.0,1.0
q023_b043_small_6M_t50_10Hz_s3,small,50,3,300,1,1.0,36104.0,36104.0,33617.0,receivedFragmentsInRsuCoverage,33617.0,33617.0,0.0,0.0,0.0,0.0,0.931115665854199,0.931115665854199,0.0,0.0,0.931115665854199,93928.0,0.2150884585021082,2.273370164,93930.0,1.0,1.0
q024_b044_small_6M_t50_10Hz_s4,small,50,4,300,1,1.0,36304.0,36304.0,34898.0,receivedFragmentsInRsuCoverage,34898.0,34898.0,0.0,0.0,0.0,0.0,0.9612714852357866,0.9612714852357866,0.0,0.0,0.9612714852357866,93321.0,0.1802041708392967,2.278165681,93321.0,1.0,1.0
q025_b045_small_6M_t50_10Hz_s5,small,50,5,300,1,1.0,36666.0,36666.0,35156.0,receivedFragmentsInRsuCoverage,35156.0,35156.0,0.0,0.0,0.0,0.0,0.9588174330442372,0.9588174330442372,0.0,0.0,0.9588174330442372,94292.0,0.19641629691295143,2.283576736,94292.0,1.0,1.0
q026_b046_small_6M_t50_10Hz_s6,small,50,6,300,1,1.0,35847.0,35847.0,34752.0,receivedFragmentsInRsuCoverage,34752.0,34752.0,0.0,0.0,0.0,0.0,0.969453510754038,0.969453510754038,0.0,0.0,0.969453510754038,94704.0,0.2052027225337577,2.276839014,94705.0,1.0,1.0
q027_b047_small_6M_t50_10Hz_s7,small,50,7,300,1,1.0,37625.0,37625.0,35960.0,receivedFragmentsInRsuCoverage,35960.0,35960.0,0.0,0.0,0.0,0.0,0.9557475083056478,0.9557475083056478,0.0,0.0,0.9557475083056478,99415.0,0.21255717687969586,2.284598129,99415.0,1.0,1.0
q028_b048_small_6M_t50_10Hz_s8,small,50,8,300,1,1.0,36537.0,36537.0,35260.0,receivedFragmentsInRsuCoverage,35260.0,35260.0,0.0,0.0,0.0,0.0,0.9650491282809207,0.9650491282809207,0.0,0.0,0.9650491282809207,94418.0,0.2060954144525298,2.275484547,94418.0,1.0,1.0
q029_b049_small_6M_t50_10Hz_s9,small,50,9,300,1,1.0,37306.0,37306.0,36473.0,receivedFragmentsInRsuCoverage,36473.0,36473.0,0.0,0.0,0.0,0.0,0.977671152093497,0.977671152093497,0.0,0.0,0.977671152093497,95110.0,0.1863551967077385,2.25368659,95111.0,1.0,1.0
q030_b050_small_6M_t50_10Hz_s10,small,50,10,300,1,1.0,36804.0,36804.0,35010.0,receivedFragmentsInRsuCoverage,35010.0,35010.0,0.0,0.0,0.0,0.0,0.9512552983371373,0.9512552983371373,0.0,0.0,0.9512552983371373,94912.0,0.19751747707305747,2.283153212,94913.0,1.0,1.0
q031_b061_small_6M_t100_10Hz_s1,small,100,1,300,1,1.0,39341.0,39341.0,37703.0,receivedFragmentsInRsuCoverage,37703.0,37703.0,0.0,0.0,0.0,0.0,0.9583640476856206,0.9583640476856206,0.0,0.0,0.9583640476856206,96467.0,0.1976305024760701,2.28463042,96467.0,1.0,1.0
q032_b062_small_6M_t100_10Hz_s2,small,100,2,300,1,1.0,38018.0,38018.0,35480.0,receivedFragmentsInRsuCoverage,35480.0,35480.0,0.0,0.0,0.0,0.0,0.9332421484559945,0.9332421484559945,0.0,0.0,0.9332421484559945,96548.0,0.19936907593026262,2.282692043,96548.0,1.0,1.0
q033_b063_small_6M_t100_10Hz_s3,small,100,3,300,1,1.0,38795.0,38795.0,37235.0,receivedFragmentsInRsuCoverage,37235.0,37235.0,0.0,0.0,0.0,0.0,0.9597886325557418,0.9597886325557418,0.0,0.0,0.9597886325557418,94905.0,0.19495781087214573,2.278428082,94905.0,1.0,1.0
q034_b064_small_6M_t100_10Hz_s4,small,100,4,300,1,1.0,38159.0,38159.0,35123.0,receivedFragmentsInRsuCoverage,35123.0,35123.0,0.0,0.0,0.0,0.0,0.9204381666186221,0.9204381666186221,0.0,0.0,0.9204381666186221,94531.0,0.21457824341496431,2.232407376,94531.0,1.0,1.0
q035_b065_small_6M_t100_10Hz_s5,small,100,5,300,1,1.0,38978.0,38978.0,35151.0,receivedFragmentsInRsuCoverage,35151.0,35151.0,0.0,0.0,0.0,0.0,0.9018164092565036,0.9018164092565036,0.0,0.0,0.9018164092565036,96328.0,0.2293491342439786,2.28639867,96329.0,1.0,1.0
q036_b066_small_6M_t100_10Hz_s6,small,100,6,300,1,1.0,38517.0,38517.0,36533.0,receivedFragmentsInRsuCoverage,36533.0,36533.0,0.0,0.0,0.0,0.0,0.9484902770205363,0.9484902770205363,0.0,0.0,0.9484902770205363,94951.0,0.2172204617923561,2.285190288,94951.0,1.0,1.0
q037_b067_small_6M_t100_10Hz_s7,small,100,7,300,1,1.0,38429.0,38429.0,35960.0,receivedFragmentsInRsuCoverage,35960.0,35960.0,0.0,0.0,0.0,0.0,0.935751645892425,0.935751645892425,0.0,0.0,0.935751645892425,96861.0,0.24093367617332057,2.276963183,96862.0,1.0,1.0
q038_b068_small_6M_t100_10Hz_s8,small,100,8,300,1,1.0,37946.0,37946.0,36848.0,receivedFragmentsInRsuCoverage,36848.0,36848.0,0.0,0.0,0.0,0.0,0.971064143783271,0.971064143783271,0.0,0.0,0.971064143783271,94780.0,0.19467289781211208,2.280294563,94780.0,1.0,1.0
q039_b069_small_6M_t100_10Hz_s9,small,100,9,300,1,1.0,39791.0,39791.0,37971.0,receivedFragmentsInRsuCoverage,37971.0,37971.0,0.0,0.0,0.0,0.0,0.9542610137970898,0.9542610137970898,0.0,0.0,0.9542610137970898,96053.0,0.21064176215066693,2.286080749,96053.0,1.0,1.0
q040_b070_small_6M_t100_10Hz_s10,small,100,10,300,1,1.0,38396.0,38396.0,36797.0,receivedFragmentsInRsuCoverage,36797.0,36797.0,0.0,0.0,0.0,0.0,0.958355036983019,0.958355036983019,0.0,0.0,0.958355036983019,95389.0,0.2109545756410486,2.283020668,95389.0,1.0,1.0
q081_c081_digest_6M_t10_10Hz_s1,digest,10,1,3465,3,3.0,17628.0,52884.0,18930.0,receivedFragmentsInRsuCoverage,2152.0,2152.0,0.0,8804.0,0.0,0.0,0.12207851145904243,0.12207851145904243,0.0,0.4994327206716587,0.35795325618334467,158957.0,6.287053932660714,37.188647477,158973.0,2.0,3.0
q082_c082_digest_6M_t10_10Hz_s2,digest,10,2,3465,3,3.0,17509.0,52527.0,17069.0,receivedFragmentsInRsuCoverage,2136.0,2136.0,0.0,7563.0,0.0,0.0,0.12199440287851962,0.12199440287851962,0.0,0.4319492832257696,0.3249566889409256,159656.0,6.229959922727257,44.207746248,159663.0,2.0,3.0
q083_c083_digest_6M_t10_10Hz_s3,digest,10,3,3465,3,3.0,17100.0,51300.0,16410.0,receivedFragmentsInRsuCoverage,1674.0,1674.0,0.0,8158.0,0.0,0.0,0.09789473684210526,0.09789473684210526,0.0,0.4770760233918129,0.3198830409356725,158739.0,6.3111006546611765,32.971619702,158760.0,2.0,3.0
q084_c084_digest_6M_t10_10Hz_s4,digest,10,4,3465,3,3.0,17059.0,51177.0,16580.0,receivedFragmentsInRsuCoverage,2145.0,2145.0,0.0,7287.0,0.0,0.0,0.12574007855091154,0.12574007855091154,0.0,0.42716454657365616,0.32397366004259726,158738.0,6.259876383764716,41.12159843,158760.0,2.0,3.0
q085_c085_digest_6M_t10_10Hz_s5,digest,10,5,3465,3,3.0,17850.0,53550.0,18270.0,receivedFragmentsInRsuCoverage,2170.0,2170.0,0.0,8296.0,0.0,0.0,0.12156862745098039,0.12156862745098039,0.0,0.46476190476190476,0.3411764705882353,159920.0,6.28485679490048,35.618477788,159939.0,2.0,3.0
q086_c086_digest_6M_t10_10Hz_s6,digest,10,6,3465,3,3.0,17430.0,52290.0,18725.0,receivedFragmentsInRsuCoverage,2282.0,2282.0,0.0,8320.0,0.0,0.0,0.13092369477911647,0.13092369477911647,0.0,0.47733792312105566,0.35809906291834004,159166.0,6.366898062014013,30.842440637,159183.0,2.0,3.0
q087_c087_digest_6M_t10_10Hz_s7,digest,10,7,3465,3,3.0,17680.0,53040.0,18620.0,receivedFragmentsInRsuCoverage,2081.0,2081.0,0.0,8824.0,0.0,0.0,0.11770361990950226,0.11770361990950226,0.0,0.4990950226244344,0.35105580693815985,159879.0,6.270718348013782,34.173290567,159903.0,2.0,3.0
q088_c088_digest_6M_t10_10Hz_s8,digest,10,8,3465,3,3.0,17529.0,52587.0,18230.0,receivedFragmentsInRsuCoverage,2085.0,2085.0,0.0,8465.0,0.0,0.0,0.11894574704774945,0.11894574704774945,0.0,0.48291402818187007,0.3466636240896039,159851.0,6.245992315771277,34.876444167,159873.0,2.0,3.0
q089_c089_digest_6M_t10_10Hz_s9,digest,10,9,3465,3,3.0,17360.0,52080.0,17927.0,receivedFragmentsInRsuCoverage,2338.0,2338.0,0.0,7675.0,0.0,0.0,0.1346774193548387,0.1346774193548387,0.0,0.44210829493087556,0.3442204301075269,158222.0,6.2681076248645144,35.204376061,158253.0,2.0,3.0
q090_c090_digest_6M_t10_10Hz_s10,digest,10,10,3465,3,3.0,17131.0,51393.0,19406.0,receivedFragmentsInRsuCoverage,2413.0,2413.0,0.0,8327.0,0.0,0.0,0.14085575856634172,0.14085575856634172,0.0,0.4860778705271146,0.377600062265289,158469.0,6.379590659858413,43.164017947,158493.0,2.0,3.0
q091_c101_digest_6M_t25_10Hz_s1,digest,25,1,3465,3,3.0,27841.0,83523.0,17247.0,receivedFragmentsInRsuCoverage,1822.0,1822.0,0.0,8848.0,0.0,0.0,0.06544305161452534,0.06544305161452534,0.0,0.3178046765561582,0.20649401961136454,228373.0,6.956798957792141,49.717532231,228411.0,2.0,3.0
q092_c102_digest_6M_t25_10Hz_s2,digest,25,2,3465,3,3.0,30030.0,90090.0,17463.0,receivedFragmentsInRsuCoverage,1936.0,1936.0,0.0,8802.0,0.0,0.0,0.06446886446886448,0.06446886446886448,0.0,0.2931068931068931,0.19383949383949384,239948.0,7.006915835543,55.974241642,239994.0,2.0,3.0
q093_c103_digest_6M_t25_10Hz_s3,digest,25,3,3465,3,3.0,27862.0,83586.0,17058.0,receivedFragmentsInRsuCoverage,1764.0,1764.0,0.0,8823.0,0.0,0.0,0.06331203790108392,0.06331203790108392,0.0,0.316667863039265,0.20407723781494508,227833.0,6.905940035940371,44.749472751,227871.0,2.0,3.0
q094_c104_digest_6M_t25_10Hz_s4,digest,25,4,3465,3,3.0,26181.0,78543.0,18359.0,receivedFragmentsInRsuCoverage,1994.0,1994.0,0.0,9176.0,0.0,0.0,0.07616210228791873,0.07616210228791873,0.0,0.3504831748214354,0.2337445730364259,221484.0,6.864169111862027,34.874035352,221547.0,2.0,3.0
q095_c105_digest_6M_t25_10Hz_s5,digest,25,5,3465,3,3.0,30378.0,91134.0,17557.0,receivedFragmentsInRsuCoverage,1965.0,1965.0,0.0,8728.0,0.0,0.0,0.06468496938573969,0.06468496938573969,0.0,0.2873131871749292,0.19265038295257533,236446.0,6.958970986313229,49.566599125,236481.0,2.0,3.0
q096_c106_digest_6M_t25_10Hz_s6,digest,25,6,3465,3,3.0,27792.0,83376.0,18276.0,receivedFragmentsInRsuCoverage,2196.0,2196.0,0.0,8734.0,0.0,0.0,0.07901554404145078,0.07901554404145078,0.0,0.3142630972941854,0.21919976971790442,227699.0,6.896242392044613,48.046407008,227724.0,2.0,3.0
q097_c107_digest_6M_t25_10Hz_s7,digest,25,7,3465,3,3.0,28022.0,84066.0,17294.0,receivedFragmentsInRsuCoverage,1855.0,1855.0,0.0,8882.0,0.0,0.0,0.06619798729569625,0.06619798729569625,0.0,0.31696524159588896,0.20571931577570005,230382.0,6.943932194374968,43.542286387,230412.0,2.0,3.0
q098_c108_digest_6M_t25_10Hz_s8,digest,25,8,3465,3,3.0,27810.0,83430.0,16152.0,receivedFragmentsInRsuCoverage,1608.0,1608.0,0.0,8608.0,0.0,0.0,0.05782092772384034,0.05782092772384034,0.0,0.3095289464221503,0.19359942466738583,231525.0,6.9691607373226825,57.981301991,231564.0,2.0,3.0
q099_c109_digest_6M_t25_10Hz_s9,digest,25,9,3465,3,3.0,28321.0,84963.0,17949.0,receivedFragmentsInRsuCoverage,2062.0,2062.0,0.0,8864.0,0.0,0.0,0.07280816355354684,0.07280816355354684,0.0,0.31298329861233715,0.2112566646657957,231133.0,6.900690660489377,50.955504309,231165.0,2.0,3.0
q100_c110_digest_6M_t25_10Hz_s10,digest,25,10,3465,3,3.0,27602.0,82806.0,16840.0,receivedFragmentsInRsuCoverage,1780.0,1780.0,0.0,8656.0,0.0,0.0,0.06448808057387145,0.06448808057387145,0.0,0.313600463734512,0.20336690577977443,229809.0,6.949051966359365,41.428116774,229827.0,2.0,3.0
q101_c121_digest_6M_t50_10Hz_s1,digest,50,1,3465,3,3.0,36537.0,109611.0,19271.0,receivedFragmentsInRsuCoverage,2427.0,2427.0,0.0,8775.0,0.0,0.0,0.06642581492733393,0.06642581492733393,0.0,0.24016750143689958,0.17581264654094936,280789.0,7.196075766691273,47.721606032,280836.0,2.0,3.0
q102_c122_digest_6M_t50_10Hz_s2,digest,50,2,3465,3,3.0,37564.0,112692.0,19396.0,receivedFragmentsInRsuCoverage,2475.0,2475.0,0.0,8743.0,0.0,0.0,0.06588755191140454,0.06588755191140454,0.0,0.232749440954105,0.17211514570688247,288230.0,7.2958774714782,48.491186827,288288.0,2.0,3.0
q103_c123_digest_6M_t50_10Hz_s3,digest,50,3,3465,3,3.0,36104.0,108312.0,19492.0,receivedFragmentsInRsuCoverage,2441.0,2441.0,0.0,8896.0,0.0,0.0,0.0676102370928429,0.0676102370928429,0.0,0.24639929093729226,0.17996159243666446,281751.0,7.188755039769582,44.077355795,281790.0,2.0,3.0
q104_c124_digest_6M_t50_10Hz_s4,digest,50,4,3465,3,3.0,36304.0,108912.0,20089.0,receivedFragmentsInRsuCoverage,2546.0,2546.0,0.0,9200.0,0.0,0.0,0.07013001322168357,0.07013001322168357,0.0,0.25341560158660204,0.18445166740120464,279908.0,7.147313733493918,40.644935591,279963.0,2.0,3.0
q105_c125_digest_6M_t50_10Hz_s5,digest,50,5,3465,3,3.0,36666.0,109998.0,20582.0,receivedFragmentsInRsuCoverage,2718.0,2718.0,0.0,9018.0,0.0,0.0,0.0741286205203731,0.0741286205203731,0.0,0.24594992636229748,0.18711249295441734,282815.0,7.202827830042541,44.261869355,282876.0,2.0,3.0
q106_c126_digest_6M_t50_10Hz_s6,digest,50,6,3465,3,3.0,35847.0,107541.0,18054.0,receivedFragmentsInRsuCoverage,2037.0,2037.0,0.0,8807.0,0.0,0.0,0.056824838898652606,0.056824838898652606,0.0,0.24568304181660947,0.16788015733534187,284066.0,7.304915200262751,42.125272187,284115.0,2.0,3.0
q107_c127_digest_6M_t50_10Hz_s7,digest,50,7,3465,3,3.0,37625.0,112875.0,18725.0,receivedFragmentsInRsuCoverage,2437.0,2437.0,0.0,8336.0,0.0,0.0,0.06477076411960132,0.06477076411960132,0.0,0.2215548172757475,0.16589147286821707,298185.0,7.405041343461302,52.602084047,298245.0,2.0,3.0
q108_c128_digest_6M_t50_10Hz_s8,digest,50,8,3465,3,3.0,36537.0,109611.0,19414.0,receivedFragmentsInRsuCoverage,2040.0,2040.0,0.0,9806.0,0.0,0.0,0.05583381229986042,0.05583381229986042,0.0,0.2683854722609957,0.17711726012900164,283201.0,7.365366531610964,48.025373873,283254.0,2.0,3.0
q109_c129_digest_6M_t50_10Hz_s9,digest,50,9,3465,3,3.0,37306.0,111918.0,18264.0,receivedFragmentsInRsuCoverage,2275.0,2275.0,0.0,8313.0,0.0,0.0,0.060982147643810644,0.060982147643810644,0.0,0.22283278829142766,0.16319090762879965,285268.0,7.256648871364473,38.586226347,285333.0,2.0,3.0
q110_c130_digest_6M_t50_10Hz_s10,digest,50,10,3465,3,3.0,36804.0,110412.0,19527.0,receivedFragmentsInRsuCoverage,2351.0,2351.0,0.0,9123.0,0.0,0.0,0.06387892620367351,0.06387892620367351,0.0,0.24788066514509294,0.1768557765460276,284715.0,7.337133615207297,46.893763292,284739.0,2.0,3.0
q111_c141_digest_6M_t100_10Hz_s1,digest,100,1,3465,3,3.0,39341.0,118023.0,18747.0,receivedFragmentsInRsuCoverage,2119.0,2119.0,0.0,9045.0,0.0,0.0,0.053862382755903514,0.053862382755903514,0.0,0.22991281360412802,0.15884192064258662,289355.0,7.191460472130715,43.335932357,289401.0,2.0,3.0
q112_c142_digest_6M_t100_10Hz_s2,digest,100,2,3465,3,3.0,38018.0,114054.0,18643.0,receivedFragmentsInRsuCoverage,2446.0,2446.0,0.0,8225.0,0.0,0.0,0.06433794518386028,0.06433794518386028,0.0,0.2163448892629807,0.16345766040647414,289598.0,7.268492271915186,43.552217182,289644.0,2.0,3.0
q113_c143_digest_6M_t100_10Hz_s3,digest,100,3,3465,3,3.0,38795.0,116385.0,19529.0,receivedFragmentsInRsuCoverage,2638.0,2638.0,0.0,8485.0,0.0,0.0,0.06799845340894445,0.06799845340894445,0.0,0.2187137517721356,0.1677965373544701,284674.0,7.136983969516041,40.748858666,284715.0,2.0,3.0
q114_c144_digest_6M_t100_10Hz_s4,digest,100,4,3465,3,3.0,38159.0,114477.0,18164.0,receivedFragmentsInRsuCoverage,2181.0,2181.0,0.0,8533.0,0.0,0.0,0.05715558583820331,0.05715558583820331,0.0,0.22361697109463036,0.15866942704648096,283530.0,7.165026765114971,38.814558361,283593.0,2.0,3.0
q115_c145_digest_6M_t100_10Hz_s5,digest,100,5,3465,3,3.0,38978.0,116934.0,18667.0,receivedFragmentsInRsuCoverage,2186.0,2186.0,0.0,8985.0,0.0,0.0,0.056082918569449434,0.056082918569449434,0.0,0.2305146492893427,0.15963706022200558,288957.0,7.138340204311192,44.933229033,288987.0,2.0,3.0
q116_c146_digest_6M_t100_10Hz_s6,digest,100,6,3465,3,3.0,38517.0,115551.0,18946.0,receivedFragmentsInRsuCoverage,2284.0,2284.0,0.0,8999.0,0.0,0.0,0.05929849157514864,0.05929849157514864,0.0,0.23363709530856505,0.16396223312649827,284806.0,7.165595570793644,42.233498113,284853.0,2.0,3.0
q117_c147_digest_6M_t100_10Hz_s7,digest,100,7,3465,3,3.0,38429.0,115287.0,18192.0,receivedFragmentsInRsuCoverage,2415.0,2415.0,0.0,8133.0,0.0,0.0,0.06284316531785891,0.06284316531785891,0.0,0.21163704494001925,0.15779749668219314,290538.0,7.2772352252632,40.20060057,290586.0,2.0,3.0
q118_c148_digest_6M_t100_10Hz_s8,digest,100,8,3465,3,3.0,37946.0,113838.0,18822.0,receivedFragmentsInRsuCoverage,2379.0,2379.0,0.0,8573.0,0.0,0.0,0.06269435513624624,0.06269435513624624,0.0,0.2259263163442787,0.16534022031307646,284275.0,7.1736831429039984,42.261780177,284340.0,2.0,3.0
q119_c149_digest_6M_t100_10Hz_s9,digest,100,9,3465,3,3.0,39791.0,119373.0,19369.0,receivedFragmentsInRsuCoverage,2145.0,2145.0,0.0,9657.0,0.0,0.0,0.05390666231057274,0.05390666231057274,0.0,0.2426930712975296,0.1622561215685289,288101.0,7.283563449048068,42.602615829,288159.0,2.0,3.0
q120_c150_digest_6M_t100_10Hz_s10,digest,100,10,3465,3,3.0,38396.0,115188.0,18288.0,receivedFragmentsInRsuCoverage,2358.0,2358.0,0.0,8228.0,0.0,0.0,0.06141264715074487,0.06141264715074487,0.0,0.2142931555370351,0.15876653818106054,286135.0,7.269017719034149,57.505049966,286167.0,2.0,3.0
q041_c001_full_6M_t10_10Hz_s1,full,10,1,8694,8,8.0,17628.0,141024.0,10152.0,receivedFragmentsInRsuCoverage,95.0,95.0,0.0,4294.0,0.0,0.0,0.005389153619242115,0.005389153619242115,0.0,0.24358974358974358,0.07198774676650783,423837.0,19.15912090459387,170.819230159,423928.0,4.503981808231586,16.0
q042_c002_full_6M_t10_10Hz_s2,full,10,2,8694,8,8.0,17509.0,140072.0,11371.0,receivedFragmentsInRsuCoverage,101.0,101.0,0.0,4523.0,0.0,0.0,0.005768461933862585,0.005768461933862585,0.0,0.2583242903649552,0.08117967902221715,425660.0,19.015955843656972,122.420402229,425768.0,4.5012401119858705,12.0
q043_c003_full_6M_t10_10Hz_s3,full,10,3,8694,8,8.0,17100.0,136800.0,10379.0,receivedFragmentsInRsuCoverage,59.0,59.0,0.0,4660.0,0.0,0.0,0.0034502923976608185,0.0034502923976608185,0.0,0.27251461988304093,0.07586988304093567,423252.0,19.26194752963956,136.172568158,423360.0,4.501681783824644,13.0
q044_c004_full_6M_t10_10Hz_s4,full,10,4,8694,8,8.0,17059.0,136472.0,10665.0,receivedFragmentsInRsuCoverage,70.0,70.0,0.0,4529.0,0.0,0.0,0.004103405826836274,0.004103405826836274,0.0,0.2654903569963069,0.07814789847001583,423221.0,19.341665522910336,150.772706268,423360.0,4.502078609221469,16.0
q045_c005_full_6M_t10_10Hz_s5,full,10,5,8694,8,8.0,17850.0,142800.0,9731.0,receivedFragmentsInRsuCoverage,47.0,47.0,0.0,4468.0,0.0,0.0,0.0026330532212885155,0.0026330532212885155,0.0,0.25030812324929974,0.06814425770308123,426336.0,19.086419907168228,136.952724389,426504.0,4.501031643314009,12.0
q046_c006_full_6M_t10_10Hz_s6,full,10,6,8694,8,8.0,17430.0,139440.0,9730.0,receivedFragmentsInRsuCoverage,60.0,60.0,0.0,4261.0,0.0,0.0,0.0034423407917383822,0.0034423407917383822,0.0,0.2444635685599541,0.06977911646586345,424388.0,19.185197079691633,171.796164487,424488.0,4.502167316861726,13.0
q047_c007_full_6M_t10_10Hz_s7,full,10,7,8694,8,8.0,17680.0,141440.0,10310.0,receivedFragmentsInRsuCoverage,115.0,115.0,0.0,4146.0,0.0,0.0,0.006504524886877828,0.006504524886877828,0.0,0.2345022624434389,0.07289309954751132,426218.0,19.083044455971525,145.013848515,426408.0,4.501500909926643,15.0
q048_c008_full_6M_t10_10Hz_s8,full,10,8,8694,8,8.0,17529.0,140232.0,9840.0,receivedFragmentsInRsuCoverage,75.0,75.0,0.0,4478.0,0.0,0.0,0.004278623994523361,0.004278623994523361,0.0,0.25546237663300814,0.07016943351018312,426198.0,19.152936609973313,145.808376175,426328.0,4.501970313936686,12.0
q049_c009_full_6M_t10_10Hz_s9,full,10,9,8694,8,8.0,17360.0,138880.0,9827.0,receivedFragmentsInRsuCoverage,59.0,59.0,0.0,4433.0,0.0,0.0,0.0033986175115207373,0.0033986175115207373,0.0,0.25535714285714284,0.07075892857142857,421873.0,19.228679312464124,167.274084159,422008.0,4.502161096472105,15.0
q050_c010_full_6M_t10_10Hz_s10,full,10,10,8694,8,8.0,17131.0,137048.0,10009.0,receivedFragmentsInRsuCoverage,75.0,75.0,0.0,4418.0,0.0,0.0,0.004378028136127489,0.004378028136127489,0.0,0.2578950440721499,0.07303280602416672,422531.0,19.117152541528174,149.014278426,422648.0,4.502877098673126,16.0
q051_c021_full_6M_t25_10Hz_s1,full,25,1,8694,8,8.0,27841.0,222728.0,9738.0,receivedFragmentsInRsuCoverage,109.0,109.0,0.0,3238.0,0.0,0.0,0.0039150892568514065,0.0039150892568514065,0.0,0.11630329370353076,0.04372148988901261,608815.0,21.612334151361317,177.56266006,609096.0,4.511150951574136,16.0
q052_c022_full_6M_t25_10Hz_s2,full,25,2,8694,8,8.0,30030.0,240240.0,9309.0,receivedFragmentsInRsuCoverage,106.0,106.0,0.0,3108.0,0.0,0.0,0.00352980352980353,0.00352980352980353,0.0,0.1034965034965035,0.03874875124875125,639743.0,22.042384432312623,185.22396352,639984.0,4.508700217505438,15.0
q053_c023_full_6M_t25_10Hz_s3,full,25,3,8694,8,8.0,27862.0,222896.0,9542.0,receivedFragmentsInRsuCoverage,90.0,90.0,0.0,3107.0,0.0,0.0,0.003230206015361424,0.003230206015361424,0.0,0.11151388988586605,0.042809202498025986,607405.0,21.4906396841723,194.934752235,607656.0,4.508254670405625,16.0
q054_c024_full_6M_t25_10Hz_s4,full,25,4,8694,8,8.0,26181.0,209448.0,9669.0,receivedFragmentsInRsuCoverage,85.0,85.0,0.0,3459.0,0.0,0.0,0.0032466292349413698,0.0032466292349413698,0.0,0.13211871204308467,0.046164203048011915,590549.0,21.074430666736458,174.627684174,590792.0,4.504387330904958,16.0
q055_c025_full_6M_t25_10Hz_s5,full,25,5,8694,8,8.0,30378.0,243024.0,9904.0,receivedFragmentsInRsuCoverage,92.0,92.0,0.0,3309.0,0.0,0.0,0.003028507472513003,0.003028507472513003,0.0,0.10892751333201658,0.040753176640990194,630398.0,21.791089823785963,184.753800774,630616.0,4.5099204587260715,15.0
q056_c026_full_6M_t25_10Hz_s6,full,25,6,8694,8,8.0,27792.0,222336.0,9829.0,receivedFragmentsInRsuCoverage,92.0,92.0,0.0,3355.0,0.0,0.0,0.0033103051237766265,0.0033103051237766265,0.0,0.1207181922855498,0.044207865572826716,607021.0,21.17280706753108,178.961940656,607264.0,4.504834800021079,15.0
q057_c027_full_6M_t25_10Hz_s7,full,25,7,8694,8,8.0,28022.0,224176.0,9567.0,receivedFragmentsInRsuCoverage,122.0,122.0,0.0,3245.0,0.0,0.0,0.004353722075512097,0.004353722075512097,0.0,0.11580186995931768,0.04267629005781172,614231.0,21.575316670360692,193.391758423,614432.0,4.508176657465762,16.0
q058_c028_full_6M_t25_10Hz_s8,full,25,8,8694,8,8.0,27810.0,222480.0,9003.0,receivedFragmentsInRsuCoverage,87.0,87.0,0.0,3106.0,0.0,0.0,0.003128371089536138,0.003128371089536138,0.0,0.11168644372527868,0.04046655879180151,617282.0,21.945458438493905,197.308888205,617504.0,4.513136757008861,16.0
q059_c029_full_6M_t25_10Hz_s9,full,25,9,8694,8,8.0,28321.0,226568.0,8008.0,receivedFragmentsInRsuCoverage,65.0,65.0,0.0,2995.0,0.0,0.0,0.002295116697856714,0.002295116697856714,0.0,0.10575191553970552,0.035344797146993394,616167.0,21.951979448901,211.357761252,616440.0,4.513406008695085,17.0
q060_c030_full_6M_t25_10Hz_s10,full,25,10,8694,8,8.0,27602.0,220816.0,8999.0,receivedFragmentsInRsuCoverage,91.0,91.0,0.0,3267.0,0.0,0.0,0.0032968625461923047,0.0032968625461923047,0.0,0.11836098833417869,0.04075338743569307,612651.0,21.56952100018048,206.890651791,612872.0,4.509502799932123,17.0
q061_c041_full_6M_t50_10Hz_s1,full,50,1,8694,8,8.0,36537.0,292296.0,15180.0,receivedFragmentsInRsuCoverage,108.0,108.0,0.0,4982.0,0.0,0.0,0.00295590770999261,0.00295590770999261,0.0,0.13635492788132578,0.051933656293620165,748540.0,23.23053269279056,195.878988758,748896.0,4.513267529803869,16.0
q062_c042_full_6M_t50_10Hz_s2,full,50,2,8694,8,8.0,37564.0,300512.0,15505.0,receivedFragmentsInRsuCoverage,131.0,131.0,0.0,5299.0,0.0,0.0,0.0034873815355127248,0.0034873815355127248,0.0,0.1410659141731445,0.05159527739324885,768411.0,23.309010956945254,267.554767014,768768.0,4.512695637695641,23.0
q063_c043_full_6M_t50_10Hz_s3,full,50,3,8694,8,8.0,36104.0,288832.0,14614.0,receivedFragmentsInRsuCoverage,113.0,113.0,0.0,4845.0,0.0,0.0,0.003129847108353645,0.003129847108353645,0.0,0.13419565699091512,0.05059688677154886,751040.0,23.003972868144245,185.982906439,751440.0,4.512743532417755,16.0
q064_c044_full_6M_t50_10Hz_s4,full,50,4,8694,8,8.0,36304.0,290432.0,15015.0,receivedFragmentsInRsuCoverage,92.0,92.0,0.0,5151.0,0.0,0.0,0.0025341560158660204,0.0025341560158660204,0.0,0.14188519171441163,0.051698848611723226,746174.0,23.086512039255542,251.829182488,746568.0,4.514959119597948,20.0
q065_c045_full_6M_t50_10Hz_s5,full,50,5,8694,8,8.0,36666.0,293328.0,15823.0,receivedFragmentsInRsuCoverage,120.0,120.0,0.0,4992.0,0.0,0.0,0.003272786777941417,0.003272786777941417,0.0,0.13614792996236294,0.05394302623684067,753976.0,23.0775287691318,184.403106717,754336.0,4.511241674797436,16.0
q066_c046_full_6M_t50_10Hz_s6,full,50,6,8694,8,8.0,35847.0,286776.0,16414.0,receivedFragmentsInRsuCoverage,136.0,136.0,0.0,5162.0,0.0,0.0,0.003793901860685692,0.003793901860685692,0.0,0.14400089268279076,0.05723630987251374,757306.0,23.2420622135006,196.598275757,757640.0,4.510464072646638,16.0
q067_c047_full_6M_t50_10Hz_s7,full,50,7,8694,8,8.0,37625.0,301000.0,14688.0,receivedFragmentsInRsuCoverage,118.0,118.0,0.0,4957.0,0.0,0.0,0.0031362126245847175,0.0031362126245847175,0.0,0.13174750830564785,0.04879734219269103,794933.0,24.2274149938995,193.444318056,795320.0,4.520721219131922,16.0
q068_c048_full_6M_t50_10Hz_s8,full,50,8,8694,8,8.0,36537.0,292296.0,14278.0,receivedFragmentsInRsuCoverage,85.0,85.0,0.0,5102.0,0.0,0.0,0.0023264088458275173,0.0023264088458275173,0.0,0.13963926978131758,0.048847743383419545,754942.0,23.020042630827575,174.444949389,755344.0,4.511406723294287,15.0
q069_c049_full_6M_t50_10Hz_s9,full,50,9,8694,8,8.0,37306.0,298448.0,14160.0,receivedFragmentsInRsuCoverage,91.0,91.0,0.0,4771.0,0.0,0.0,0.002439285905752426,0.002439285905752426,0.0,0.1278882753444486,0.04744545113386587,760541.0,23.532055471845773,203.299611016,760888.0,4.5169275898686765,17.0
q070_c050_full_6M_t50_10Hz_s10,full,50,10,8694,8,8.0,36804.0,294432.0,14596.0,receivedFragmentsInRsuCoverage,111.0,111.0,0.0,5002.0,0.0,0.0,0.003015976524290838,0.003015976524290838,0.0,0.13590914031083579,0.04957341593305076,758957.0,23.157958731841028,185.270379278,759304.0,4.510715075911622,15.0
q071_c061_full_6M_t100_10Hz_s1,full,100,1,8694,8,8.0,39341.0,314728.0,13853.0,receivedFragmentsInRsuCoverage,109.0,109.0,0.0,4748.0,0.0,0.0,0.0027706463994306195,0.0027706463994306195,0.0,0.12068834040822551,0.044015785058844466,771347.0,23.270788412155838,213.656486623,771736.0,4.511568722982988,18.0
q072_c062_full_6M_t100_10Hz_s2,full,100,2,8694,8,8.0,38018.0,304144.0,14318.0,receivedFragmentsInRsuCoverage,112.0,112.0,0.0,4775.0,0.0,0.0,0.0029459729601767582,0.0029459729601767582,0.0,0.1255984007575359,0.04707638487032458,772019.0,22.91183464653144,200.610436434,772384.0,4.507447072958526,17.0
q073_c063_full_6M_t100_10Hz_s3,full,100,3,8694,8,8.0,38795.0,310360.0,15239.0,receivedFragmentsInRsuCoverage,103.0,102.0,1.0,5142.0,0.0,0.0,0.0026549813120247453,0.002629204794432272,2.5776517592473258e-05,0.1325428534604975,0.049101043948962496,758809.0,22.65824157460587,169.784307835,759240.0,4.50652231178547,15.0
q074_c064_full_6M_t100_10Hz_s4,full,100,4,8694,8,8.0,38159.0,305272.0,15209.0,receivedFragmentsInRsuCoverage,94.0,94.0,0.0,4876.0,0.0,0.0,0.0024633769228753375,0.0024633769228753375,0.0,0.12778112633978878,0.049821143111716766,755972.0,22.73769297334883,166.864596659,756248.0,4.507415556801472,15.0
q075_c065_full_6M_t100_10Hz_s5,full,100,5,8694,8,8.0,38978.0,311824.0,15345.0,receivedFragmentsInRsuCoverage,106.0,106.0,0.0,4844.0,0.0,0.0,0.00271948278516086,0.00271948278516086,0.0,0.12427523218225665,0.04921045204987429,770229.0,22.93923644525589,168.010089807,770632.0,4.508855069605205,15.0
q076_c066_full_6M_t100_10Hz_s6,full,100,6,8694,8,8.0,38517.0,308136.0,14265.0,receivedFragmentsInRsuCoverage,115.0,115.0,0.0,4704.0,0.0,0.0,0.0029856946283459253,0.0029856946283459253,0.0,0.12212789158034115,0.04629449334060285,759220.0,22.975315669014975,194.606241785,759608.0,4.510837168644879,16.0
q077_c067_full_6M_t100_10Hz_s7,full,100,7,8694,8,8.0,38429.0,307432.0,15870.0,receivedFragmentsInRsuCoverage,100.0,100.0,0.0,5167.0,0.0,0.0,0.002602201462437222,0.002602201462437222,0.0,0.13445574956413126,0.051621171511098386,774463.0,22.977965843661476,171.104297303,774896.0,4.508217876979619,15.0
q078_c068_full_6M_t100_10Hz_s8,full,100,8,8694,8,8.0,37946.0,303568.0,14384.0,receivedFragmentsInRsuCoverage,86.0,86.0,0.0,4775.0,0.0,0.0,0.0022663785379223107,0.0022663785379223107,0.0,0.12583671533231433,0.047383123385864125,757816.0,22.910273427625064,180.907018801,758240.0,4.508778223253851,15.0
q079_c069_full_6M_t100_10Hz_s9,full,100,9,8694,8,8.0,39791.0,318328.0,13052.0,receivedFragmentsInRsuCoverage,51.0,51.0,0.0,4957.0,0.0,0.0,0.0012816968661255059,0.0012816968661255059,0.0,0.12457590912517906,0.041001734060465936,768072.0,23.14743929498718,176.58899729,768424.0,4.508953390315764,16.0
q080_c070_full_6M_t100_10Hz_s10,full,100,10,8694,8,8.0,38396.0,307168.0,15012.0,receivedFragmentsInRsuCoverage,103.0,103.0,0.0,4817.0,0.0,0.0,0.0026825711011563705,0.0026825711011563705,0.0,0.12545577664340035,0.04887227836232941,762776.0,22.86275749302934,184.769818335,763112.0,4.5081246265292645,15.0
