variant_a,variant_b,target,metric,n_pairs,mean_difference,sd_difference,min_difference,max_difference
digest,small,10,logical_completion_rate,10,-0.863391810715652,0.015496610716653725,-0.8948538011695907,-0.8458291810774372
digest,small,10,on_time_completion_rate,10,-0.863391810715652,0.015496610716653725,-0.8948538011695907,-0.8458291810774372
digest,small,10,fragment_reception_rate,10,-0.6420718600985932,0.017208419191678082,-0.6728654970760235,-0.6134103866285292
digest,small,10,mac_queue_delay_mean_ms,10,6.188667391750504,0.061318859111323835,6.10819977644192,6.285473600695687
digest,small,10,mac_queue_length_mean,10,1.0,0.0,1.0,1.0
digest,small,25,logical_completion_rate,10,-0.8901861070717637,0.025864514682456888,-0.9235526788924848,-0.8459800148299849
digest,small,25,on_time_completion_rate,10,-0.8901861070717637,0.025864514682456888,-0.9235526788924848,-0.8459800148299849
digest,small,25,fragment_reception_rate,10,-0.7512315011702809,0.02893214292880634,-0.7882117882117882,-0.7075315137177359
digest,small,25,mac_queue_delay_mean_ms,10,6.769851810229386,0.04013043686972379,6.724530687056206,6.846926931872097
digest,small,25,mac_queue_length_mean,10,1.0,0.0,1.0,1.0
digest,small,50,logical_completion_rate,10,-0.891938679290466,0.01748153629202785,-0.9166890044496864,-0.8635054287613562
digest,small,50,on_time_completion_rate,10,-0.891938679290466,0.01748153629202785,-0.9166890044496864,-0.8635054287613562
digest,small,50,fragment_reception_rate,10,-0.781547040019639,0.018879112854194365,-0.8144802444646974,-0.7511540734175346
digest,small,50,mac_queue_delay_mean_ms,10,7.065580493845575,0.08234974003454143,6.967109562654621,7.192484166581606
digest,small,50,mac_queue_length_mean,10,1.0,0.0,1.0,1.0
digest,small,100,logical_completion_rate,10,-0.8841978914801891,0.020496252025156078,-0.9083697886470248,-0.8457334906870542
digest,small,100,on_time_completion_rate,10,-0.8841978914801891,0.020496252025156078,-0.9083697886470248,-0.8457334906870542
digest,small,100,fragment_reception_rate,10,-0.7825046306505449,0.01984261652127058,-0.8057239234701945,-0.7421793490344981
digest,small,100,mac_queue_delay_mean_ms,10,6.995909064952424,0.059497965699596284,6.908991070067214,7.072921686897401
digest,small,100,mac_queue_length_mean,10,1.0,0.0,1.0,1.0
full,small,10,logical_completion_rate,10,-0.982295420167595,0.0072416031913635544,-0.99207028353015,-0.9674658538015124
full,small,10,on_time_completion_rate,10,-0.982295420167595,0.0072416031913635544,-0.99207028353015,-0.9674658538015124
full,small,10,fragment_reception_rate,10,-0.9134337854873716,0.00892392066173102,-0.9261794740144903,-0.8934213611583329
full,small,10,mac_queue_delay_mean_ms,10,19.061463892586644,0.09651616672035851,18.894195697371632,19.20278046064626
full,small,10,mac_queue_length_mean,10,3.5020690692447864,0.0008547686445874017,3.5010316433140094,3.503981808231586
full,small,25,logical_completion_rate,10,-0.9542928186521831,0.023940597161833638,-0.9785214785214785,-0.9148612419389899
full,small,25,on_time_completion_rate,10,-0.9542928186521831,0.023940597161833638,-0.9785214785214785,-0.9148612419389899
full,small,25,fragment_reception_rate,10,-0.9160617077234257,0.023105761964863376,-0.9433025308025308,-0.8774047170494892
full,small,25,mac_queue_delay_mean_ms,10,21.457260660808792,0.3207508213679407,20.934792241930637,21.88239552864172
full,small,25,mac_queue_length_mean,10,3.509147065223914,0.0030181841451228913,3.504387330904958,3.5134060086950853
full,small,50,logical_completion_rate,10,-0.9535767654835089,0.01439425218430288,-0.9752318661877446,-0.9279858187458454
full,small,50,on_time_completion_rate,10,-0.9535767654835089,0.01439425218430288,-0.9752318661877446,-0.9279858187458454
full,small,50,fragment_reception_rate,10,-0.9054191561921373,0.014600406399398122,-0.9302257009596311,-0.8805187790826502
full,small,50,mac_queue_delay_mean_ms,10,23.084294090325532,0.36369547630372234,22.788884409642137,24.014857817019806
full,small,50,mac_queue_length_mean,10,3.513514217516579,0.0032274718030324,3.510464072646638,3.5207212191319224
full,small,100,logical_completion_rate,10,-0.9416198519073168,0.021300608146016767,-0.9687977652453487,-0.8990969264713428
full,small,100,on_time_completion_rate,10,-0.941622429559076,0.021302695572627574,-0.9687977652453487,-0.8990969264713428
full,small,100,fragment_reception_rate,10,-0.896717391234874,0.022599085358169693,-0.9236810203974068,-0.8526059572066294
full,small,100,mac_queue_delay_mean_ms,10,22.7281237639709,0.17710616106883448,22.463283763733724,23.073157909679768
full,small,100,mac_queue_length_mean,10,3.508672001985704,0.0015423300660064006,3.50652231178547,3.5115687229829877
full,digest,10,logical_completion_rate,10,-0.11890360945194298,0.011693656419391863,-0.13647773043021424,-0.09444444444444444
full,digest,10,on_time_completion_rate,10,-0.11890360945194298,0.011693656419391863,-0.13647773043021424,-0.09444444444444444
full,digest,10,fragment_reception_rate,10,-0.2713619253887784,0.020667205131156455,-0.3045672562411223,-0.24377700991870846
full,digest,10,mac_queue_delay_mean_ms,10,12.87279650083614,0.10336798011227592,12.737561881669762,13.08178913914562
full,digest,10,mac_queue_length_mean,10,2.5020690692447864,0.0008547686445874017,2.5010316433140094,2.503981808231586
full,digest,25,logical_completion_rate,10,-0.06410671158041932,0.00661894305425297,-0.07570523891767415,-0.0546925566343042
full,digest,25,on_time_completion_rate,10,-0.06410671158041932,0.00661894305425297,-0.07570523891767415,-0.0546925566343042
full,digest,25,fragment_reception_rate,10,-0.16483020655314468,0.011390110214564991,-0.187580369988414,-0.15189720631158515
full,digest,25,mac_queue_delay_mean_ms,10,14.687408850579404,0.2931816278650445,14.210261554874432,15.051288788411622
full,digest,25,mac_queue_length_mean,10,2.509147065223914,0.0030181841451228913,2.504387330904958,2.5134060086950853
full,digest,50,logical_completion_rate,10,-0.061638086193042896,0.005606040577908362,-0.07085583374243168,-0.053030937037966915
full,digest,50,on_time_completion_rate,10,-0.061638086193042896,0.005606040577908362,-0.07085583374243168,-0.053030937037966915
full,digest,50,fragment_reception_rate,10,-0.12387211617249834,0.007635090302422162,-0.13316946671757668,-0.11064384746282813
full,digest,50,mac_queue_delay_mean_ms,10,16.01871359647996,0.32640276460102563,15.654676099216612,16.822373650438198
full,digest,50,mac_queue_length_mean,10,2.513514217516579,0.0032274718030324,2.510464072646638,2.5207212191319224
full,digest,100,logical_completion_rate,10,-0.057421960427127675,0.004539233020122661,-0.06534347209691971,-0.05109173635647289
full,digest,100,on_time_completion_rate,10,-0.05742453807888692,0.0045442357095378545,-0.06536924861451218,-0.05109173635647289
full,digest,100,fragment_reception_rate,10,-0.11421276058432914,0.005022851425931798,-0.12125438750806296,-0.10617632517109477
full,digest,100,mac_queue_delay_mean_ms,10,15.732214699018474,0.1655257969742416,15.52125760508983,16.079327940025124
full,digest,100,mac_queue_length_mean,10,2.508672001985704,0.0015423300660064006,2.50652231178547,2.5115687229829877
