variant,target,payload_bytes,fragments,logical_completion_rate_mean,logical_completion_rate_sd,on_time_completion_rate_mean,on_time_completion_rate_sd,reassembly_timeout_per_generated_mean,reassembly_timeout_per_generated_sd,fragment_reception_rate_mean,fragment_reception_rate_sd,mac_queue_delay_mean_ms_mean,mac_queue_delay_mean_ms_sd,mac_queue_delay_max_ms_mean,mac_queue_length_mean_mean,mac_queue_length_mean_sd,mac_queue_length_max_mean
small,10,300,1,0.9866300703995627,0.007649300675299574,0.9866300703995627,0.007649300675299574,0.0,0.0,0.9866300703995627,0.007649300675299574,0.10174807817313078,0.019561490076571705,1.8956730772,1.0,0.0,1.0
small,25,300,1,0.9576262799564175,0.024021269218393995,0.9576262799564175,0.024021269218393995,0.0,0.0,0.9576262799564175,0.024021269218393995,0.16533547757479114,0.023463397258082334,2.2576458212,1.0,0.0,1.0
small,50,300,1,0.9565859519743896,0.014310780934220738,0.9565859519743896,0.014310780934220738,0.0,0.0,0.9565859519743896,0.014310780934220738,0.20441504649265554,0.014434378398266041,2.278291895,1.0,0.0,1.0
small,100,300,1,0.9441571522048824,0.021181039237813268,0.9441571522048824,0.021181039237813268,0.0,0.0,0.9441571522048824,0.021181039237813268,0.21103081405069257,0.01535607924098064,2.2776106042,1.0,0.0,1.0
digest,10,3465,3,0.12323825968391078,0.011564253210183579,0.12323825968391078,0.011564253210183579,0.4687917618010152,0.02649006151202482,0.3445582103009695,0.018041788053254033,6.2904154699236345,0.04912390142279576,36.9368659024,2.0,0.0,3.0
digest,25,3465,3,0.06744017288465379,0.0064902846804489826,0.06744017288465379,0.0064902846804489826,0.31327168423577545,0.016753321616824933,0.20639477878613652,0.012740516153261057,6.935187287804177,0.04243467710266956,47.683549757,2.0,0.0,3.0
digest,50,3465,3,0.06464727268392366,0.005640561103263496,0.06464727268392366,0.005640561103263496,0.24250185460670695,0.014068924064925875,0.1750389119547506,0.007822121939916313,7.26999554033823,0.08533228222120214,45.3429673346,2.0,0.0,3.0
digest,100,3465,3,0.059959260724693236,0.004700361471029681,0.059959260724693236,0.004700361471029681,0.22472897584506452,0.009728883209522837,0.16165252155433746,0.003405162919783701,7.206939879003117,0.06043030016159936,43.6188340254,2.0,0.0,3.0
full,10,8694,8,0.00433465023196781,0.0012149320292722057,0.00433465023196781,0.0012149320292722057,0.25379075286490405,0.011082225680096865,0.07319628491219109,0.004072713413160987,19.163211970759775,0.09580982785192078,149.6044382965,4.5020690692447864,0.0008547686445874017,14.0
full,25,8694,8,0.003333461304234461,0.0005427367772253664,0.003333461304234461,0.0005427367772253664,0.1144679322305032,0.008262499538706659,0.041564572232991835,0.0030680682511463973,21.62259613838358,0.32364443606495213,190.501386109,4.509147065223914,0.0030181841451228913,15.9
full,50,8694,8,0.003009186490880761,0.0004671591593716296,0.003009186490880761,0.0004671591593716296,0.13688347071472007,0.00491084808132162,0.05116679578225227,0.0028539560172404217,23.288709136818188,0.3654816668734653,203.8706484912,4.51351421751658,0.0032274718030324,17.0
full,100,8694,8,0.0025373002975655656,0.0004887943800871822,0.0025347226458063182,0.0004881724065370502,0.12633379953936705,0.004282532412587914,0.04743976097000833,0.003086191083065094,22.93915457802159,0.17735506651103183,182.6902290872,4.508672001985704,0.0015423300660064006,15.7
