variant,target,payload_bytes,fragments,completion_pct,on_time_pct,fragment_reception_pct,reassembly_timeout_per_generated_pct,mac_queue_delay_mean_ms,mac_queue_delay_sd_ms,mac_queue_length_mean
small,10,300,1,98.66300703995627,98.66300703995627,98.66300703995627,0.0,0.10174807817313078,0.019561490076571705,1.0
small,25,300,1,95.76262799564175,95.76262799564175,95.76262799564175,0.0,0.16533547757479114,0.023463397258082334,1.0
small,50,300,1,95.65859519743896,95.65859519743896,95.65859519743896,0.0,0.20441504649265554,0.014434378398266041,1.0
small,100,300,1,94.41571522048824,94.41571522048824,94.41571522048824,0.0,0.21103081405069257,0.01535607924098064,1.0
digest,10,3465,3,12.323825968391077,12.323825968391077,34.45582103009695,46.879176180101524,6.2904154699236345,0.04912390142279576,2.0
digest,25,3465,3,6.744017288465379,6.744017288465379,20.63947787861365,31.327168423577547,6.935187287804177,0.04243467710266956,2.0
digest,50,3465,3,6.464727268392366,6.464727268392366,17.50389119547506,24.250185460670696,7.26999554033823,0.08533228222120214,2.0
digest,100,3465,3,5.995926072469324,5.995926072469324,16.165252155433745,22.472897584506452,7.206939879003117,0.06043030016159936,2.0
full,10,8694,8,0.43346502319678104,0.43346502319678104,7.319628491219109,25.379075286490405,19.163211970759775,0.09580982785192078,4.5020690692447864
full,25,8694,8,0.33334613042344613,0.33334613042344613,4.156457223299183,11.446793223050319,21.62259613838358,0.32364443606495213,4.509147065223914
full,50,8694,8,0.3009186490880761,0.3009186490880761,5.116679578225227,13.688347071472007,23.288709136818188,0.3654816668734653,4.51351421751658
full,100,8694,8,0.25373002975655656,0.2534722645806318,4.743976097000833,12.633379953936705,22.93915457802159,0.17735506651103183,4.508672001985704
