variant,target,n_seeds,payload_bytes,fragments,logical_completion_rate_mean,logical_completion_rate_sd,logical_completion_rate_min,logical_completion_rate_max,on_time_completion_rate_mean,on_time_completion_rate_sd,on_time_completion_rate_min,on_time_completion_rate_max,late_completion_rate_mean,late_completion_rate_sd,late_completion_rate_min,late_completion_rate_max,reassembly_timeout_per_generated_mean,reassembly_timeout_per_generated_sd,reassembly_timeout_per_generated_min,reassembly_timeout_per_generated_max,fragment_reception_rate_mean,fragment_reception_rate_sd,fragment_reception_rate_min,fragment_reception_rate_max,mac_queue_delay_mean_ms_mean,mac_queue_delay_mean_ms_sd,mac_queue_delay_mean_ms_min,mac_queue_delay_mean_ms_max,mac_queue_delay_max_ms_mean,mac_queue_delay_max_ms_sd,mac_queue_delay_max_ms_min,mac_queue_delay_max_ms_max,mac_queue_length_mean_mean,mac_queue_length_mean_sd,mac_queue_length_mean_min,mac_queue_length_mean_max,mac_queue_length_max_mean,mac_queue_length_max_sd,mac_queue_length_max_min,mac_queue_length_max_max
small,10,10,300,1,0.9866300703995627,0.007649300675299574,0.9715692596283487,0.9963489075246734,0.9866300703995627,0.007649300675299574,0.9715692596283487,0.9963489075246734,0.0,0.0,0.0,0.0,0.0,0.0,0.0,0.0,0.9866300703995627,0.007649300675299574,0.9715692596283487,0.9963489075246734,0.10174807817313078,0.019561490076571705,0.07769168089275516,0.13888506226407793,1.8956730772,0.3727057354274242,1.167023693,2.271214704,1.0,0.0,1.0,1.0,1.0,0.0,1.0,1.0
small,25,10,300,1,0.9576262799564175,0.024021269218393995,0.9181581044851822,0.982051282051282,0.9576262799564175,0.024021269218393995,0.9181581044851822,0.982051282051282,0.0,0.0,0.0,0.0,0.0,0.0,0.0,0.0,0.9576262799564175,0.024021269218393995,0.9181581044851822,0.982051282051282,0.16533547757479114,0.023463397258082334,0.13774045670370744,0.20659294812478818,2.2576458212,0.03751198772217934,2.159085516,2.285564857,1.0,0.0,1.0,1.0,1.0,0.0,1.0,1.0
small,50,10,300,1,0.9565859519743896,0.014310780934220738,0.931115665854199,0.977671152093497,0.9565859519743896,0.014310780934220738,0.931115665854199,0.977671152093497,0.0,0.0,0.0,0.0,0.0,0.0,0.0,0.0,0.9565859519743896,0.014310780934220738,0.931115665854199,0.977671152093497,0.20441504649265554,0.014434378398266041,0.1802041708392967,0.22580706703360257,2.278291895,0.009913371489116191,2.25368659,2.287745843,1.0,0.0,1.0,1.0,1.0,0.0,1.0,1.0
small,100,10,300,1,0.9441571522048824,0.021181039237813268,0.9018164092565036,0.971064143783271,0.9441571522048824,0.021181039237813268,0.9018164092565036,0.971064143783271,0.0,0.0,0.0,0.0,0.0,0.0,0.0,0.0,0.9441571522048824,0.021181039237813268,0.9018164092565036,0.971064143783271,0.21103081405069257,0.01535607924098064,0.19467289781211208,0.24093367617332057,2.2776106042,0.016201562281031597,2.232407376,2.28639867,1.0,0.0,1.0,1.0,1.0,0.0,1.0,1.0
digest,10,10,3465,3,0.12323825968391078,0.011564253210183579,0.09789473684210526,0.14085575856634172,0.12323825968391078,0.011564253210183579,0.09789473684210526,0.14085575856634172,0.0,0.0,0.0,0.0,0.4687917618010152,0.02649006151202482,0.42716454657365616,0.4994327206716587,0.3445582103009695,0.018041788053254033,0.3198830409356725,0.377600062265289,6.2904154699236345,0.04912390142279576,6.229959922727257,6.379590659858413,36.9368659024,4.456032805256235,30.842440637,44.207746248,2.0,0.0,2.0,2.0,3.0,0.0,3.0,3.0
digest,25,10,3465,3,0.06744017288465379,0.0064902846804489826,0.05782092772384034,0.07901554404145078,0.06744017288465379,0.0064902846804489826,0.05782092772384034,0.07901554404145078,0.0,0.0,0.0,0.0,0.31327168423577545,0.016753321616824933,0.2873131871749292,0.3504831748214354,0.20639477878613652,0.012740516153261057,0.19265038295257533,0.2337445730364259,6.935187287804177,0.04243467710266956,6.864169111862027,7.006915835543,47.683549757,6.849757139897788,34.874035352,57.981301991,2.0,0.0,2.0,2.0,3.0,0.0,3.0,3.0
digest,50,10,3465,3,0.06464727268392366,0.005640561103263496,0.05583381229986042,0.0741286205203731,0.06464727268392366,0.005640561103263496,0.05583381229986042,0.0741286205203731,0.0,0.0,0.0,0.0,0.24250185460670695,0.014068924064925875,0.2215548172757475,0.2683854722609957,0.1750389119547506,0.007822121939916313,0.16319090762879965,0.18711249295441734,7.26999554033823,0.08533228222120214,7.147313733493918,7.405041343461302,45.3429673346,4.199383750015125,38.586226347,52.602084047,2.0,0.0,2.0,2.0,3.0,0.0,3.0,3.0
digest,100,10,3465,3,0.059959260724693236,0.004700361471029681,0.053862382755903514,0.06799845340894445,0.059959260724693236,0.004700361471029681,0.053862382755903514,0.06799845340894445,0.0,0.0,0.0,0.0,0.22472897584506452,0.009728883209522837,0.21163704494001925,0.2426930712975296,0.16165252155433746,0.003405162919783701,0.15779749668219314,0.1677965373544701,7.206939879003117,0.06043030016159936,7.136983969516041,7.283563449048068,43.6188340254,5.190104814632545,38.814558361,57.505049966,2.0,0.0,2.0,2.0,3.0,0.0,3.0,3.0
full,10,10,8694,8,0.00433465023196781,0.0012149320292722057,0.0026330532212885155,0.006504524886877828,0.00433465023196781,0.0012149320292722057,0.0026330532212885155,0.006504524886877828,0.0,0.0,0.0,0.0,0.25379075286490405,0.011082225680096865,0.2345022624434389,0.27251461988304093,0.07319628491219109,0.004072713413160987,0.06814425770308123,0.08117967902221715,19.163211970759775,0.09580982785192078,19.015955843656972,19.341665522910336,149.6044382965,16.232361531560827,122.420402229,171.796164487,4.5020690692447864,0.0008547686445874017,4.501031643314009,4.503981808231586,14.0,1.7638342073763937,12.0,16.0
full,25,10,8694,8,0.003333461304234461,0.0005427367772253664,0.002295116697856714,0.004353722075512097,0.003333461304234461,0.0005427367772253664,0.002295116697856714,0.004353722075512097,0.0,0.0,0.0,0.0,0.1144679322305032,0.008262499538706659,0.1034965034965035,0.13211871204308467,0.041564572232991835,0.0030680682511463973,0.035344797146993394,0.046164203048011915,21.62259613838358,0.32364443606495213,21.074430666736458,22.042384432312623,190.501386109,12.433723221900848,174.627684174,211.357761252,4.509147065223914,0.0030181841451228913,4.504387330904958,4.513406008695085,15.9,0.7378647873726218,15.0,17.0
full,50,10,8694,8,0.003009186490880761,0.0004671591593716296,0.0023264088458275173,0.003793901860685692,0.003009186490880761,0.0004671591593716296,0.0023264088458275173,0.003793901860685692,0.0,0.0,0.0,0.0,0.13688347071472007,0.00491084808132162,0.1278882753444486,0.14400089268279076,0.05116679578225227,0.0028539560172404217,0.04744545113386587,0.05723630987251374,23.288709136818188,0.3654816668734653,23.003972868144245,24.2274149938995,203.8706484912,30.717846236493465,174.444949389,267.554767014,4.51351421751658,0.0032274718030324,4.510464072646638,4.520721219131922,17.0,2.5385910352879693,15.0,23.0
full,100,10,8694,8,0.0025373002975655656,0.0004887943800871822,0.0012816968661255059,0.0029856946283459253,0.0025347226458063182,0.0004881724065370502,0.0012816968661255059,0.0029856946283459253,2.577651759247326e-06,8.15125057396154e-06,0.0,2.5776517592473258e-05,0.12633379953936705,0.004282532412587914,0.12068834040822551,0.13445574956413126,0.04743976097000833,0.003086191083065094,0.041001734060465936,0.051621171511098386,22.93915457802159,0.17735506651103183,22.65824157460587,23.270788412155838,182.6902290872,15.753368617756207,166.864596659,213.656486623,4.508672001985704,0.0015423300660064006,4.50652231178547,4.511568722982988,15.7,1.0593499054713802,15.0,18.0
