operation,batch_size,n,mean_ms,median_ms,std_ms,ci95_ms,p95_ms,min_ms,max_ms,per_tuple_ms
keypair,1,200,0.12773064501117914,0.127038000151515,0.004044743348006569,0.0005640221532740542,0.12861100025475025,0.12668500002473593,0.17653700010851026,0.12773064501117914
DSH_2xSHAKE256,1,200,0.011125484993681312,0.010925999842584133,0.0005442358557015735,7.589136140690687e-05,0.012111000251024961,0.010721999686211348,0.015666999854147434,0.011125484993681312
sign,1,200,0.31980454999720676,0.27763950009830296,0.16160214457349256,0.0225347275992104,0.6427430002950132,0.1590009997598827,0.9436690001748502,0.31980454999720676
CertValidate,1,200,0.12884157000342383,0.1286490000784397,0.0006931637691130287,9.665872170093866e-05,0.12961200019344687,0.1283530001528561,0.13416700018569827,0.12884157000342383
MsgVerify,1,200,0.1304443950136192,0.1302780001424253,0.000733515211489591,0.00010228555768502139,0.1314639998599887,0.13000000035390258,0.1342780003324151,0.1304443950136192
Agg,1,100,0.026192990001291036,0.025981000158935785,0.0007320116371541287,0.0001452488545480374,0.02672200044617057,0.025702999904751778,0.03020300017669797,0.026192990001291036
AggCheck,1,100,0.1471820199955255,0.14682500017806888,0.0013200499024920845,0.00026192990186418695,0.1490189996547997,0.1464260001666844,0.15753800002858043,0.1471820199955255
Agg,2,100,0.04818408001214266,0.04803700000047684,0.0006394983380265505,0.0001268919732544804,0.04870399972423911,0.047704000025987625,0.052389000076800585,0.02409204000607133
AggCheck,2,100,0.28871149000246077,0.28828749991953373,0.0012874025165184304,0.0002554518690352328,0.2922419998794794,0.2877789996564388,0.29351900005713105,0.14435574500123038
Agg,4,100,0.09152606997173279,0.09131499985232949,0.0007950485031300271,0.00015775689692410356,0.0934629999101162,0.0908149997703731,0.09529699990525842,0.022881517492933198
AggCheck,4,100,0.5704975000256672,0.5698534999974072,0.001817940527545472,0.00036072347195053786,0.5746679999865592,0.568760999944061,0.5771869998425245,0.1426243750064168
Agg,8,100,0.1779516499862075,0.17752899997867644,0.0012594496718873823,0.00024990534701571453,0.18111200025305152,0.1769260000437498,0.1841859999112785,0.022243956248275937
AggCheck,8,100,1.1334317000117153,1.1322725000791252,0.0024514477389493334,0.0004864266604436435,1.1373000000603497,1.1306710001081228,1.1403920003212988,0.14167896250146442
Agg,16,100,0.35248604997061195,0.351778999902308,0.0018063120215503887,0.00035841609445793775,0.3560379999689758,0.350834000390023,0.3580759996548295,0.022030378123163247
AggCheck,16,100,2.2608424699958416,2.260293500032276,0.005600394695785514,0.0011112540747879862,2.26659999974072,2.2544510001316667,2.302377000451088,0.1413026543747401
Agg,32,100,0.699724929984659,0.6991600000765175,0.0018826546468536983,0.0003735643220484247,0.7037060000002384,0.6970389997586608,0.7053539999760687,0.021866404062020593
AggCheck,32,100,4.514404980018735,4.513431000057608,0.004792560306280146,0.0009509601480461331,4.52447700034827,4.5077169998548925,4.536347999703139,0.14107515562558548
Agg,64,100,1.4578043099772184,1.456254000077024,0.009496109634665108,0.0018842583602359734,1.4706529998220503,1.4441519998945296,1.52578300004825,0.022778192343394038
AggCheck,64,100,9.104935250021517,9.101546500110999,0.016544516862153164,0.0032828332246478457,9.129768999759108,9.084972999989986,9.19975099992007,0.1422646132815862
