ordinal,tag,variant,logical_payload_bytes,expected_fragments,target,demand_scale,seed,phy_mbps,logical_rate_hz,simulation_time_s
1,q001_b001_small_6M_t10_10Hz_s1,small,300,1,10,0.4,1,6,10,120
2,q002_b002_small_6M_t10_10Hz_s2,small,300,1,10,0.4,2,6,10,120
3,q003_b003_small_6M_t10_10Hz_s3,small,300,1,10,0.4,3,6,10,120
4,q004_b004_small_6M_t10_10Hz_s4,small,300,1,10,0.4,4,6,10,120
5,q005_b005_small_6M_t10_10Hz_s5,small,300,1,10,0.4,5,6,10,120
6,q006_b006_small_6M_t10_10Hz_s6,small,300,1,10,0.4,6,6,10,120
7,q007_b007_small_6M_t10_10Hz_s7,small,300,1,10,0.4,7,6,10,120
8,q008_b008_small_6M_t10_10Hz_s8,small,300,1,10,0.4,8,6,10,120
9,q009_b009_small_6M_t10_10Hz_s9,small,300,1,10,0.4,9,6,10,120
10,q010_b010_small_6M_t10_10Hz_s10,small,300,1,10,0.4,10,6,10,120
11,q011_b021_small_6M_t25_10Hz_s1,small,300,1,25,1.0,1,6,10,120
12,q012_b022_small_6M_t25_10Hz_s2,small,300,1,25,1.0,2,6,10,120
13,q013_b023_small_6M_t25_10Hz_s3,small,300,1,25,1.0,3,6,10,120
14,q014_b024_small_6M_t25_10Hz_s4,small,300,1,25,1.0,4,6,10,120
15,q015_b025_small_6M_t25_10Hz_s5,small,300,1,25,1.0,5,6,10,120
16,q016_b026_small_6M_t25_10Hz_s6,small,300,1,25,1.0,6,6,10,120
17,q017_b027_small_6M_t25_10Hz_s7,small,300,1,25,1.0,7,6,10,120
18,q018_b028_small_6M_t25_10Hz_s8,small,300,1,25,1.0,8,6,10,120
19,q019_b029_small_6M_t25_10Hz_s9,small,300,1,25,1.0,9,6,10,120
20,q020_b030_small_6M_t25_10Hz_s10,small,300,1,25,1.0,10,6,10,120
21,q021_b041_small_6M_t50_10Hz_s1,small,300,1,50,2.0,1,6,10,120
22,q022_b042_small_6M_t50_10Hz_s2,small,300,1,50,2.0,2,6,10,120
23,q023_b043_small_6M_t50_10Hz_s3,small,300,1,50,2.0,3,6,10,120
24,q024_b044_small_6M_t50_10Hz_s4,small,300,1,50,2.0,4,6,10,120
25,q025_b045_small_6M_t50_10Hz_s5,small,300,1,50,2.0,5,6,10,120
26,q026_b046_small_6M_t50_10Hz_s6,small,300,1,50,2.0,6,6,10,120
27,q027_b047_small_6M_t50_10Hz_s7,small,300,1,50,2.0,7,6,10,120
28,q028_b048_small_6M_t50_10Hz_s8,small,300,1,50,2.0,8,6,10,120
29,q029_b049_small_6M_t50_10Hz_s9,small,300,1,50,2.0,9,6,10,120
30,q030_b050_small_6M_t50_10Hz_s10,small,300,1,50,2.0,10,6,10,120
31,q031_b061_small_6M_t100_10Hz_s1,small,300,1,100,4.0,1,6,10,120
32,q032_b062_small_6M_t100_10Hz_s2,small,300,1,100,4.0,2,6,10,120
33,q033_b063_small_6M_t100_10Hz_s3,small,300,1,100,4.0,3,6,10,120
34,q034_b064_small_6M_t100_10Hz_s4,small,300,1,100,4.0,4,6,10,120
35,q035_b065_small_6M_t100_10Hz_s5,small,300,1,100,4.0,5,6,10,120
36,q036_b066_small_6M_t100_10Hz_s6,small,300,1,100,4.0,6,6,10,120
37,q037_b067_small_6M_t100_10Hz_s7,small,300,1,100,4.0,7,6,10,120
38,q038_b068_small_6M_t100_10Hz_s8,small,300,1,100,4.0,8,6,10,120
39,q039_b069_small_6M_t100_10Hz_s9,small,300,1,100,4.0,9,6,10,120
40,q040_b070_small_6M_t100_10Hz_s10,small,300,1,100,4.0,10,6,10,120
41,q041_c001_full_6M_t10_10Hz_s1,full,8694,8,10,0.4,1,6,10,120
42,q042_c002_full_6M_t10_10Hz_s2,full,8694,8,10,0.4,2,6,10,120
43,q043_c003_full_6M_t10_10Hz_s3,full,8694,8,10,0.4,3,6,10,120
44,q044_c004_full_6M_t10_10Hz_s4,full,8694,8,10,0.4,4,6,10,120
45,q045_c005_full_6M_t10_10Hz_s5,full,8694,8,10,0.4,5,6,10,120
46,q046_c006_full_6M_t10_10Hz_s6,full,8694,8,10,0.4,6,6,10,120
47,q047_c007_full_6M_t10_10Hz_s7,full,8694,8,10,0.4,7,6,10,120
48,q048_c008_full_6M_t10_10Hz_s8,full,8694,8,10,0.4,8,6,10,120
49,q049_c009_full_6M_t10_10Hz_s9,full,8694,8,10,0.4,9,6,10,120
50,q050_c010_full_6M_t10_10Hz_s10,full,8694,8,10,0.4,10,6,10,120
51,q051_c021_full_6M_t25_10Hz_s1,full,8694,8,25,1.0,1,6,10,120
52,q052_c022_full_6M_t25_10Hz_s2,full,8694,8,25,1.0,2,6,10,120
53,q053_c023_full_6M_t25_10Hz_s3,full,8694,8,25,1.0,3,6,10,120
54,q054_c024_full_6M_t25_10Hz_s4,full,8694,8,25,1.0,4,6,10,120
55,q055_c025_full_6M_t25_10Hz_s5,full,8694,8,25,1.0,5,6,10,120
56,q056_c026_full_6M_t25_10Hz_s6,full,8694,8,25,1.0,6,6,10,120
57,q057_c027_full_6M_t25_10Hz_s7,full,8694,8,25,1.0,7,6,10,120
58,q058_c028_full_6M_t25_10Hz_s8,full,8694,8,25,1.0,8,6,10,120
59,q059_c029_full_6M_t25_10Hz_s9,full,8694,8,25,1.0,9,6,10,120
60,q060_c030_full_6M_t25_10Hz_s10,full,8694,8,25,1.0,10,6,10,120
61,q061_c041_full_6M_t50_10Hz_s1,full,8694,8,50,2.0,1,6,10,120
62,q062_c042_full_6M_t50_10Hz_s2,full,8694,8,50,2.0,2,6,10,120
63,q063_c043_full_6M_t50_10Hz_s3,full,8694,8,50,2.0,3,6,10,120
64,q064_c044_full_6M_t50_10Hz_s4,full,8694,8,50,2.0,4,6,10,120
65,q065_c045_full_6M_t50_10Hz_s5,full,8694,8,50,2.0,5,6,10,120
66,q066_c046_full_6M_t50_10Hz_s6,full,8694,8,50,2.0,6,6,10,120
67,q067_c047_full_6M_t50_10Hz_s7,full,8694,8,50,2.0,7,6,10,120
68,q068_c048_full_6M_t50_10Hz_s8,full,8694,8,50,2.0,8,6,10,120
69,q069_c049_full_6M_t50_10Hz_s9,full,8694,8,50,2.0,9,6,10,120
70,q070_c050_full_6M_t50_10Hz_s10,full,8694,8,50,2.0,10,6,10,120
71,q071_c061_full_6M_t100_10Hz_s1,full,8694,8,100,4.0,1,6,10,120
72,q072_c062_full_6M_t100_10Hz_s2,full,8694,8,100,4.0,2,6,10,120
73,q073_c063_full_6M_t100_10Hz_s3,full,8694,8,100,4.0,3,6,10,120
74,q074_c064_full_6M_t100_10Hz_s4,full,8694,8,100,4.0,4,6,10,120
75,q075_c065_full_6M_t100_10Hz_s5,full,8694,8,100,4.0,5,6,10,120
76,q076_c066_full_6M_t100_10Hz_s6,full,8694,8,100,4.0,6,6,10,120
77,q077_c067_full_6M_t100_10Hz_s7,full,8694,8,100,4.0,7,6,10,120
78,q078_c068_full_6M_t100_10Hz_s8,full,8694,8,100,4.0,8,6,10,120
79,q079_c069_full_6M_t100_10Hz_s9,full,8694,8,100,4.0,9,6,10,120
80,q080_c070_full_6M_t100_10Hz_s10,full,8694,8,100,4.0,10,6,10,120
81,q081_c081_digest_6M_t10_10Hz_s1,digest,3465,3,10,0.4,1,6,10,120
82,q082_c082_digest_6M_t10_10Hz_s2,digest,3465,3,10,0.4,2,6,10,120
83,q083_c083_digest_6M_t10_10Hz_s3,digest,3465,3,10,0.4,3,6,10,120
84,q084_c084_digest_6M_t10_10Hz_s4,digest,3465,3,10,0.4,4,6,10,120
85,q085_c085_digest_6M_t10_10Hz_s5,digest,3465,3,10,0.4,5,6,10,120
86,q086_c086_digest_6M_t10_10Hz_s6,digest,3465,3,10,0.4,6,6,10,120
87,q087_c087_digest_6M_t10_10Hz_s7,digest,3465,3,10,0.4,7,6,10,120
88,q088_c088_digest_6M_t10_10Hz_s8,digest,3465,3,10,0.4,8,6,10,120
89,q089_c089_digest_6M_t10_10Hz_s9,digest,3465,3,10,0.4,9,6,10,120
90,q090_c090_digest_6M_t10_10Hz_s10,digest,3465,3,10,0.4,10,6,10,120
91,q091_c101_digest_6M_t25_10Hz_s1,digest,3465,3,25,1.0,1,6,10,120
92,q092_c102_digest_6M_t25_10Hz_s2,digest,3465,3,25,1.0,2,6,10,120
93,q093_c103_digest_6M_t25_10Hz_s3,digest,3465,3,25,1.0,3,6,10,120
94,q094_c104_digest_6M_t25_10Hz_s4,digest,3465,3,25,1.0,4,6,10,120
95,q095_c105_digest_6M_t25_10Hz_s5,digest,3465,3,25,1.0,5,6,10,120
96,q096_c106_digest_6M_t25_10Hz_s6,digest,3465,3,25,1.0,6,6,10,120
97,q097_c107_digest_6M_t25_10Hz_s7,digest,3465,3,25,1.0,7,6,10,120
98,q098_c108_digest_6M_t25_10Hz_s8,digest,3465,3,25,1.0,8,6,10,120
99,q099_c109_digest_6M_t25_10Hz_s9,digest,3465,3,25,1.0,9,6,10,120
100,q100_c110_digest_6M_t25_10Hz_s10,digest,3465,3,25,1.0,10,6,10,120
101,q101_c121_digest_6M_t50_10Hz_s1,digest,3465,3,50,2.0,1,6,10,120
102,q102_c122_digest_6M_t50_10Hz_s2,digest,3465,3,50,2.0,2,6,10,120
103,q103_c123_digest_6M_t50_10Hz_s3,digest,3465,3,50,2.0,3,6,10,120
104,q104_c124_digest_6M_t50_10Hz_s4,digest,3465,3,50,2.0,4,6,10,120
105,q105_c125_digest_6M_t50_10Hz_s5,digest,3465,3,50,2.0,5,6,10,120
106,q106_c126_digest_6M_t50_10Hz_s6,digest,3465,3,50,2.0,6,6,10,120
107,q107_c127_digest_6M_t50_10Hz_s7,digest,3465,3,50,2.0,7,6,10,120
108,q108_c128_digest_6M_t50_10Hz_s8,digest,3465,3,50,2.0,8,6,10,120
109,q109_c129_digest_6M_t50_10Hz_s9,digest,3465,3,50,2.0,9,6,10,120
110,q110_c130_digest_6M_t50_10Hz_s10,digest,3465,3,50,2.0,10,6,10,120
111,q111_c141_digest_6M_t100_10Hz_s1,digest,3465,3,100,4.0,1,6,10,120
112,q112_c142_digest_6M_t100_10Hz_s2,digest,3465,3,100,4.0,2,6,10,120
113,q113_c143_digest_6M_t100_10Hz_s3,digest,3465,3,100,4.0,3,6,10,120
114,q114_c144_digest_6M_t100_10Hz_s4,digest,3465,3,100,4.0,4,6,10,120
115,q115_c145_digest_6M_t100_10Hz_s5,digest,3465,3,100,4.0,5,6,10,120
116,q116_c146_digest_6M_t100_10Hz_s6,digest,3465,3,100,4.0,6,6,10,120
117,q117_c147_digest_6M_t100_10Hz_s7,digest,3465,3,100,4.0,7,6,10,120
118,q118_c148_digest_6M_t100_10Hz_s8,digest,3465,3,100,4.0,8,6,10,120
119,q119_c149_digest_6M_t100_10Hz_s9,digest,3465,3,100,4.0,9,6,10,120
120,q120_c150_digest_6M_t100_10Hz_s10,digest,3465,3,100,4.0,10,6,10,120
